<gpx xmlns="http://www.topografix.com/GPX/1/1" version="1.1" creator="SkyDreamSoft">
	<metadata>
		<name>22/10/2023 LFCL (14:19) LFCL (16:05)</name>
		<author>
			<name>SkyDreamSoft</name>
		</author>
		<time>2023-10-22T17:22:16.533Z</time>
	</metadata>
	<trk>
		<trkseg>
			<trkpt lat="43.59126554" lon="1.49698863">
				<ele>148.2911</ele>
				<time>2023-10-22T12:19:40Z</time>
				<desc>Vitesse : 12 kmh
Altitude : 487 ft
Latitude : 43.591266
Longitude : 1.496989
Cap : 242°
</desc>
			</trkpt>
			<trkpt lat="43.59111394" lon="1.49663666">
				<ele>144.4899</ele>
				<time>2023-10-22T12:19:49Z</time>
				<desc>Vitesse : 11 kmh
Altitude : 474 ft
Latitude : 43.591114
Longitude : 1.496637
Cap : 217°
</desc>
			</trkpt>
			<trkpt lat="43.59081603" lon="1.49668096">
				<ele>143.4889</ele>
				<time>2023-10-22T12:20:20Z</time>
				<desc>Vitesse : 19 kmh
Altitude : 471 ft
Latitude : 43.590816
Longitude : 1.496681
Cap : 162°
</desc>
			</trkpt>
			<trkpt lat="43.59059080" lon="1.49674685">
				<ele>142.7827</ele>
				<time>2023-10-22T12:20:22Z</time>
				<desc>Vitesse : 32 kmh
Altitude : 468 ft
Latitude : 43.590591
Longitude : 1.496747
Cap : 168°
</desc>
			</trkpt>
			<trkpt lat="43.59033029" lon="1.49692306">
				<ele>141.9650</ele>
				<time>2023-10-22T12:20:24Z</time>
				<desc>Vitesse : 45 kmh
Altitude : 466 ft
Latitude : 43.590330
Longitude : 1.496923
Cap : 157°
</desc>
			</trkpt>
			<trkpt lat="43.58522036" lon="1.50013050">
				<ele>148.5252</ele>
				<time>2023-10-22T12:20:42Z</time>
				<desc>Vitesse : 137 kmh
Altitude : 487 ft
Latitude : 43.585220
Longitude : 1.500131
Cap : 158°
</desc>
			</trkpt>
			<trkpt lat="43.57999196" lon="1.50280833">
				<ele>186.2319</ele>
				<time>2023-10-22T12:21:02Z</time>
				<desc>Vitesse : 128 kmh
Altitude : 611 ft
Latitude : 43.579992
Longitude : 1.502808
Cap : 162°
</desc>
			</trkpt>
			<trkpt lat="43.57676980" lon="1.50434906">
				<ele>233.9452</ele>
				<time>2023-10-22T12:21:12Z</time>
				<desc>Vitesse : 133 kmh
Altitude : 768 ft
Latitude : 43.576770
Longitude : 1.504349
Cap : 159°
</desc>
			</trkpt>
			<trkpt lat="43.57407692" lon="1.50609994">
				<ele>278.7120</ele>
				<time>2023-10-22T12:21:21Z</time>
				<desc>Vitesse : 138 kmh
Altitude : 914 ft
Latitude : 43.574077
Longitude : 1.506100
Cap : 152°
</desc>
			</trkpt>
			<trkpt lat="43.56998830" lon="1.50888683">
				<ele>330.7324</ele>
				<time>2023-10-22T12:21:35Z</time>
				<desc>Vitesse : 122 kmh
Altitude : 1085 ft
Latitude : 43.569988
Longitude : 1.508887
Cap : 154°
</desc>
			</trkpt>
			<trkpt lat="43.56863067" lon="1.50988529">
				<ele>347.7607</ele>
				<time>2023-10-22T12:21:40Z</time>
				<desc>Vitesse : 125 kmh
Altitude : 1141 ft
Latitude : 43.568631
Longitude : 1.509885
Cap : 148°
</desc>
			</trkpt>
			<trkpt lat="43.56732367" lon="1.51118796">
				<ele>362.5084</ele>
				<time>2023-10-22T12:21:45Z</time>
				<desc>Vitesse : 127 kmh
Altitude : 1189 ft
Latitude : 43.567324
Longitude : 1.511188
Cap : 141°
</desc>
			</trkpt>
			<trkpt lat="43.56697042" lon="1.51178853">
				<ele>367.6855</ele>
				<time>2023-10-22T12:21:47Z</time>
				<desc>Vitesse : 118 kmh
Altitude : 1206 ft
Latitude : 43.566970
Longitude : 1.511789
Cap : 134°
</desc>
			</trkpt>
			<trkpt lat="43.56590478" lon="1.51358617">
				<ele>376.4718</ele>
				<time>2023-10-22T12:21:52Z</time>
				<desc>Vitesse : 133 kmh
Altitude : 1235 ft
Latitude : 43.565905
Longitude : 1.513586
Cap : 128°
</desc>
			</trkpt>
			<trkpt lat="43.56514231" lon="1.51529204">
				<ele>379.4615</ele>
				<time>2023-10-22T12:21:56Z</time>
				<desc>Vitesse : 137 kmh
Altitude : 1245 ft
Latitude : 43.565142
Longitude : 1.515292
Cap : 120°
</desc>
			</trkpt>
			<trkpt lat="43.56495279" lon="1.51618298">
				<ele>381.7445</ele>
				<time>2023-10-22T12:21:58Z</time>
				<desc>Vitesse : 132 kmh
Altitude : 1252 ft
Latitude : 43.564953
Longitude : 1.516183
Cap : 115°
</desc>
			</trkpt>
			<trkpt lat="43.56483984" lon="1.51707141">
				<ele>382.7451</ele>
				<time>2023-10-22T12:22:00Z</time>
				<desc>Vitesse : 136 kmh
Altitude : 1256 ft
Latitude : 43.564840
Longitude : 1.517071
Cap : 108°
</desc>
			</trkpt>
			<trkpt lat="43.56478826" lon="1.51797264">
				<ele>385.3309</ele>
				<time>2023-10-22T12:22:02Z</time>
				<desc>Vitesse : 143 kmh
Altitude : 1264 ft
Latitude : 43.564788
Longitude : 1.517973
Cap : 101°
</desc>
			</trkpt>
			<trkpt lat="43.56467483" lon="1.52068619">
				<ele>404.6411</ele>
				<time>2023-10-22T12:22:08Z</time>
				<desc>Vitesse : 121 kmh
Altitude : 1328 ft
Latitude : 43.564675
Longitude : 1.520686
Cap : 096°
</desc>
			</trkpt>
			<trkpt lat="43.56461172" lon="1.52474741">
				<ele>453.1686</ele>
				<time>2023-10-22T12:22:18Z</time>
				<desc>Vitesse : 121 kmh
Altitude : 1487 ft
Latitude : 43.564612
Longitude : 1.524747
Cap : 092°
</desc>
			</trkpt>
			<trkpt lat="43.56471920" lon="1.53172484">
				<ele>499.3016</ele>
				<time>2023-10-22T12:22:34Z</time>
				<desc>Vitesse : 129 kmh
Altitude : 1638 ft
Latitude : 43.564719
Longitude : 1.531725
Cap : 090°
</desc>
			</trkpt>
			<trkpt lat="43.56458215" lon="1.53926533">
				<ele>519.1046</ele>
				<time>2023-10-22T12:22:50Z</time>
				<desc>Vitesse : 152 kmh
Altitude : 1703 ft
Latitude : 43.564582
Longitude : 1.539265
Cap : 094°
</desc>
			</trkpt>
			<trkpt lat="43.56433306" lon="1.54439527">
				<ele>567.6355</ele>
				<time>2023-10-22T12:23:00Z</time>
				<desc>Vitesse : 147 kmh
Altitude : 1862 ft
Latitude : 43.564333
Longitude : 1.544395
Cap : 093°
</desc>
			</trkpt>
			<trkpt lat="43.56403014" lon="1.55073266">
				<ele>615.0178</ele>
				<time>2023-10-22T12:23:13Z</time>
				<desc>Vitesse : 137 kmh
Altitude : 2018 ft
Latitude : 43.564030
Longitude : 1.550733
Cap : 095°
</desc>
			</trkpt>
			<trkpt lat="43.56341854" lon="1.55730392">
				<ele>611.0588</ele>
				<time>2023-10-22T12:23:26Z</time>
				<desc>Vitesse : 155 kmh
Altitude : 2005 ft
Latitude : 43.563419
Longitude : 1.557304
Cap : 100°
</desc>
			</trkpt>
			<trkpt lat="43.56278326" lon="1.56094622">
				<ele>612.7981</ele>
				<time>2023-10-22T12:23:33Z</time>
				<desc>Vitesse : 156 kmh
Altitude : 2010 ft
Latitude : 43.562783
Longitude : 1.560946
Cap : 106°
</desc>
			</trkpt>
			<trkpt lat="43.56152030" lon="1.56607055">
				<ele>609.5571</ele>
				<time>2023-10-22T12:23:43Z</time>
				<desc>Vitesse : 159 kmh
Altitude : 2000 ft
Latitude : 43.561520
Longitude : 1.566071
Cap : 112°
</desc>
			</trkpt>
			<trkpt lat="43.55928872" lon="1.57320698">
				<ele>608.0084</ele>
				<time>2023-10-22T12:23:57Z</time>
				<desc>Vitesse : 166 kmh
Altitude : 1995 ft
Latitude : 43.559289
Longitude : 1.573207
Cap : 114°
</desc>
			</trkpt>
			<trkpt lat="43.55703384" lon="1.58040755">
				<ele>601.9353</ele>
				<time>2023-10-22T12:24:10Z</time>
				<desc>Vitesse : 174 kmh
Altitude : 1975 ft
Latitude : 43.557034
Longitude : 1.580408
Cap : 113°
</desc>
			</trkpt>
			<trkpt lat="43.55492296" lon="1.58763421">
				<ele>595.0023</ele>
				<time>2023-10-22T12:24:23Z</time>
				<desc>Vitesse : 173 kmh
Altitude : 1952 ft
Latitude : 43.554923
Longitude : 1.587634
Cap : 111°
</desc>
			</trkpt>
			<trkpt lat="43.55333279" lon="1.59499463">
				<ele>592.4966</ele>
				<time>2023-10-22T12:24:36Z</time>
				<desc>Vitesse : 170 kmh
Altitude : 1944 ft
Latitude : 43.553333
Longitude : 1.594995
Cap : 108°
</desc>
			</trkpt>
			<trkpt lat="43.55253008" lon="1.59775130">
				<ele>583.4561</ele>
				<time>2023-10-22T12:24:41Z</time>
				<desc>Vitesse : 174 kmh
Altitude : 1914 ft
Latitude : 43.552530
Longitude : 1.597751
Cap : 115°
</desc>
			</trkpt>
			<trkpt lat="43.54989277" lon="1.60455030">
				<ele>581.8739</ele>
				<time>2023-10-22T12:24:54Z</time>
				<desc>Vitesse : 170 kmh
Altitude : 1909 ft
Latitude : 43.549893
Longitude : 1.604550
Cap : 119°
</desc>
			</trkpt>
			<trkpt lat="43.54732327" lon="1.61117581">
				<ele>578.4351</ele>
				<time>2023-10-22T12:25:07Z</time>
				<desc>Vitesse : 166 kmh
Altitude : 1898 ft
Latitude : 43.547323
Longitude : 1.611176
Cap : 117°
</desc>
			</trkpt>
			<trkpt lat="43.54492543" lon="1.61795140">
				<ele>577.0049</ele>
				<time>2023-10-22T12:25:20Z</time>
				<desc>Vitesse : 174 kmh
Altitude : 1893 ft
Latitude : 43.544925
Longitude : 1.617951
Cap : 117°
</desc>
			</trkpt>
			<trkpt lat="43.54365377" lon="1.62112159">
				<ele>571.2803</ele>
				<time>2023-10-22T12:25:26Z</time>
				<desc>Vitesse : 180 kmh
Altitude : 1874 ft
Latitude : 43.543654
Longitude : 1.621122
Cap : 122°
</desc>
			</trkpt>
			<trkpt lat="43.54234718" lon="1.62361563">
				<ele>571.7806</ele>
				<time>2023-10-22T12:25:31Z</time>
				<desc>Vitesse : 179 kmh
Altitude : 1876 ft
Latitude : 43.542347
Longitude : 1.623616
Cap : 131°
</desc>
			</trkpt>
			<trkpt lat="43.54104826" lon="1.62533566">
				<ele>568.9622</ele>
				<time>2023-10-22T12:25:35Z</time>
				<desc>Vitesse : 183 kmh
Altitude : 1867 ft
Latitude : 43.541048
Longitude : 1.625336
Cap : 142°
</desc>
			</trkpt>
			<trkpt lat="43.53990488" lon="1.62641790">
				<ele>566.8447</ele>
				<time>2023-10-22T12:25:38Z</time>
				<desc>Vitesse : 187 kmh
Altitude : 1860 ft
Latitude : 43.539905
Longitude : 1.626418
Cap : 149°
</desc>
			</trkpt>
			<trkpt lat="43.53506396" lon="1.63030655">
				<ele>550.4146</ele>
				<time>2023-10-22T12:25:50Z</time>
				<desc>Vitesse : 186 kmh
Altitude : 1806 ft
Latitude : 43.535064
Longitude : 1.630307
Cap : 148°
</desc>
			</trkpt>
			<trkpt lat="43.53039518" lon="1.63436928">
				<ele>549.6809</ele>
				<time>2023-10-22T12:26:02Z</time>
				<desc>Vitesse : 183 kmh
Altitude : 1803 ft
Latitude : 43.530395
Longitude : 1.634369
Cap : 147°
</desc>
			</trkpt>
			<trkpt lat="43.52566465" lon="1.63866773">
				<ele>543.2909</ele>
				<time>2023-10-22T12:26:14Z</time>
				<desc>Vitesse : 196 kmh
Altitude : 1782 ft
Latitude : 43.525665
Longitude : 1.638668
Cap : 146°
</desc>
			</trkpt>
			<trkpt lat="43.52088600" lon="1.64316068">
				<ele>552.0897</ele>
				<time>2023-10-22T12:26:26Z</time>
				<desc>Vitesse : 183 kmh
Altitude : 1811 ft
Latitude : 43.520886
Longitude : 1.643161
Cap : 146°
</desc>
			</trkpt>
			<trkpt lat="43.51612394" lon="1.64765052">
				<ele>542.8364</ele>
				<time>2023-10-22T12:26:38Z</time>
				<desc>Vitesse : 199 kmh
Altitude : 1781 ft
Latitude : 43.516124
Longitude : 1.647651
Cap : 145°
</desc>
			</trkpt>
			<trkpt lat="43.51353798" lon="1.64988259">
				<ele>529.2061</ele>
				<time>2023-10-22T12:26:44Z</time>
				<desc>Vitesse : 211 kmh
Altitude : 1736 ft
Latitude : 43.513538
Longitude : 1.649883
Cap : 151°
</desc>
			</trkpt>
			<trkpt lat="43.51180405" lon="1.65102499">
				<ele>523.3816</ele>
				<time>2023-10-22T12:26:48Z</time>
				<desc>Vitesse : 200 kmh
Altitude : 1717 ft
Latitude : 43.511804
Longitude : 1.651025
Cap : 156°
</desc>
			</trkpt>
			<trkpt lat="43.50745317" lon="1.65328848">
				<ele>508.6698</ele>
				<time>2023-10-22T12:26:57Z</time>
				<desc>Vitesse : 211 kmh
Altitude : 1669 ft
Latitude : 43.507453
Longitude : 1.653288
Cap : 162°
</desc>
			</trkpt>
			<trkpt lat="43.50295351" lon="1.65486141">
				<ele>505.1025</ele>
				<time>2023-10-22T12:27:06Z</time>
				<desc>Vitesse : 205 kmh
Altitude : 1657 ft
Latitude : 43.502954
Longitude : 1.654861
Cap : 168°
</desc>
			</trkpt>
			<trkpt lat="43.49737698" lon="1.65628545">
				<ele>493.3381</ele>
				<time>2023-10-22T12:27:17Z</time>
				<desc>Vitesse : 205 kmh
Altitude : 1619 ft
Latitude : 43.497377
Longitude : 1.656285
Cap : 171°
</desc>
			</trkpt>
			<trkpt lat="43.49179319" lon="1.65729373">
				<ele>477.7175</ele>
				<time>2023-10-22T12:27:28Z</time>
				<desc>Vitesse : 197 kmh
Altitude : 1567 ft
Latitude : 43.491793
Longitude : 1.657294
Cap : 175°
</desc>
			</trkpt>
			<trkpt lat="43.48834004" lon="1.65742504">
				<ele>480.7551</ele>
				<time>2023-10-22T12:27:35Z</time>
				<desc>Vitesse : 205 kmh
Altitude : 1577 ft
Latitude : 43.488340
Longitude : 1.657425
Cap : 182°
</desc>
			</trkpt>
			<trkpt lat="43.48678966" lon="1.65723503">
				<ele>481.5885</ele>
				<time>2023-10-22T12:27:38Z</time>
				<desc>Vitesse : 207 kmh
Altitude : 1580 ft
Latitude : 43.486790
Longitude : 1.657235
Cap : 189°
</desc>
			</trkpt>
			<trkpt lat="43.48523620" lon="1.65683202">
				<ele>481.0056</ele>
				<time>2023-10-22T12:27:41Z</time>
				<desc>Vitesse : 210 kmh
Altitude : 1578 ft
Latitude : 43.485236
Longitude : 1.656832
Cap : 195°
</desc>
			</trkpt>
			<trkpt lat="43.48370496" lon="1.65617861">
				<ele>483.6055</ele>
				<time>2023-10-22T12:27:44Z</time>
				<desc>Vitesse : 213 kmh
Altitude : 1587 ft
Latitude : 43.483705
Longitude : 1.656179
Cap : 202°
</desc>
			</trkpt>
			<trkpt lat="43.48222867" lon="1.65525286">
				<ele>485.7729</ele>
				<time>2023-10-22T12:27:47Z</time>
				<desc>Vitesse : 219 kmh
Altitude : 1594 ft
Latitude : 43.482229
Longitude : 1.655253
Cap : 208°
</desc>
			</trkpt>
			<trkpt lat="43.48029352" lon="1.65372300">
				<ele>482.7590</ele>
				<time>2023-10-22T12:27:51Z</time>
				<desc>Vitesse : 224 kmh
Altitude : 1584 ft
Latitude : 43.480294
Longitude : 1.653723
Cap : 214°
</desc>
			</trkpt>
			<trkpt lat="43.47847924" lon="1.65184865">
				<ele>477.3210</ele>
				<time>2023-10-22T12:27:55Z</time>
				<desc>Vitesse : 232 kmh
Altitude : 1566 ft
Latitude : 43.478479
Longitude : 1.651849
Cap : 220°
</desc>
			</trkpt>
			<trkpt lat="43.47669109" lon="1.64971742">
				<ele>474.3987</ele>
				<time>2023-10-22T12:27:59Z</time>
				<desc>Vitesse : 235 kmh
Altitude : 1556 ft
Latitude : 43.476691
Longitude : 1.649717
Cap : 225°
</desc>
			</trkpt>
			<trkpt lat="43.47512107" lon="1.64727544">
				<ele>476.0581</ele>
				<time>2023-10-22T12:28:03Z</time>
				<desc>Vitesse : 242 kmh
Altitude : 1562 ft
Latitude : 43.475121
Longitude : 1.647275
Cap : 230°
</desc>
			</trkpt>
			<trkpt lat="43.47183033" lon="1.64139087">
				<ele>466.5137</ele>
				<time>2023-10-22T12:28:12Z</time>
				<desc>Vitesse : 240 kmh
Altitude : 1531 ft
Latitude : 43.471830
Longitude : 1.641391
Cap : 231°
</desc>
			</trkpt>
			<trkpt lat="43.46836867" lon="1.63564675">
				<ele>455.6606</ele>
				<time>2023-10-22T12:28:21Z</time>
				<desc>Vitesse : 242 kmh
Altitude : 1495 ft
Latitude : 43.468369
Longitude : 1.635647
Cap : 231°
</desc>
			</trkpt>
			<trkpt lat="43.46559925" lon="1.63139871">
				<ele>462.1021</ele>
				<time>2023-10-22T12:28:28Z</time>
				<desc>Vitesse : 232 kmh
Altitude : 1516 ft
Latitude : 43.465599
Longitude : 1.631399
Cap : 226°
</desc>
			</trkpt>
			<trkpt lat="43.46151100" lon="1.62580182">
				<ele>468.6650</ele>
				<time>2023-10-22T12:28:38Z</time>
				<desc>Vitesse : 225 kmh
Altitude : 1538 ft
Latitude : 43.461511
Longitude : 1.625802
Cap : 224°
</desc>
			</trkpt>
			<trkpt lat="43.45747464" lon="1.62057875">
				<ele>485.3518</ele>
				<time>2023-10-22T12:28:48Z</time>
				<desc>Vitesse : 224 kmh
Altitude : 1592 ft
Latitude : 43.457475
Longitude : 1.620579
Cap : 224°
</desc>
			</trkpt>
			<trkpt lat="43.45339322" lon="1.61558847">
				<ele>496.9675</ele>
				<time>2023-10-22T12:28:58Z</time>
				<desc>Vitesse : 215 kmh
Altitude : 1630 ft
Latitude : 43.453393
Longitude : 1.615588
Cap : 221°
</desc>
			</trkpt>
			<trkpt lat="43.44884104" lon="1.61038077">
				<ele>497.8960</ele>
				<time>2023-10-22T12:29:09Z</time>
				<desc>Vitesse : 217 kmh
Altitude : 1634 ft
Latitude : 43.448841
Longitude : 1.610381
Cap : 219°
</desc>
			</trkpt>
			<trkpt lat="43.44761800" lon="1.60886579">
				<ele>497.0060</ele>
				<time>2023-10-22T12:29:12Z</time>
				<desc>Vitesse : 221 kmh
Altitude : 1631 ft
Latitude : 43.447618
Longitude : 1.608866
Cap : 225°
</desc>
			</trkpt>
			<trkpt lat="43.44650619" lon="1.60715689">
				<ele>498.9690</ele>
				<time>2023-10-22T12:29:15Z</time>
				<desc>Vitesse : 223 kmh
Altitude : 1637 ft
Latitude : 43.446506
Longitude : 1.607157
Cap : 232°
</desc>
			</trkpt>
			<trkpt lat="43.44554645" lon="1.60524850">
				<ele>501.3397</ele>
				<time>2023-10-22T12:29:18Z</time>
				<desc>Vitesse : 228 kmh
Altitude : 1645 ft
Latitude : 43.445546
Longitude : 1.605249
Cap : 238°
</desc>
			</trkpt>
			<trkpt lat="43.44476349" lon="1.60320394">
				<ele>507.6743</ele>
				<time>2023-10-22T12:29:21Z</time>
				<desc>Vitesse : 229 kmh
Altitude : 1666 ft
Latitude : 43.444763
Longitude : 1.603204
Cap : 245°
</desc>
			</trkpt>
			<trkpt lat="43.44388719" lon="1.60027404">
				<ele>513.1855</ele>
				<time>2023-10-22T12:29:25Z</time>
				<desc>Vitesse : 233 kmh
Altitude : 1684 ft
Latitude : 43.443887
Longitude : 1.600274
Cap : 251°
</desc>
			</trkpt>
			<trkpt lat="43.44321115" lon="1.59718770">
				<ele>512.9678</ele>
				<time>2023-10-22T12:29:29Z</time>
				<desc>Vitesse : 237 kmh
Altitude : 1683 ft
Latitude : 43.443211
Longitude : 1.597188
Cap : 256°
</desc>
			</trkpt>
			<trkpt lat="43.44162303" lon="1.58941547">
				<ele>514.5945</ele>
				<time>2023-10-22T12:29:39Z</time>
				<desc>Vitesse : 235 kmh
Altitude : 1688 ft
Latitude : 43.441623
Longitude : 1.589415
Cap : 252°
</desc>
			</trkpt>
			<trkpt lat="43.43951337" lon="1.58194022">
				<ele>519.0435</ele>
				<time>2023-10-22T12:29:49Z</time>
				<desc>Vitesse : 232 kmh
Altitude : 1703 ft
Latitude : 43.439513
Longitude : 1.581940
Cap : 247°
</desc>
			</trkpt>
			<trkpt lat="43.43737802" lon="1.57446509">
				<ele>526.8785</ele>
				<time>2023-10-22T12:29:59Z</time>
				<desc>Vitesse : 233 kmh
Altitude : 1729 ft
Latitude : 43.437378
Longitude : 1.574465
Cap : 249°
</desc>
			</trkpt>
			<trkpt lat="43.43541225" lon="1.56681523">
				<ele>523.6492</ele>
				<time>2023-10-22T12:30:09Z</time>
				<desc>Vitesse : 241 kmh
Altitude : 1718 ft
Latitude : 43.435412
Longitude : 1.566815
Cap : 252°
</desc>
			</trkpt>
			<trkpt lat="43.43372997" lon="1.55968557">
				<ele>523.7134</ele>
				<time>2023-10-22T12:30:18Z</time>
				<desc>Vitesse : 244 kmh
Altitude : 1718 ft
Latitude : 43.433730
Longitude : 1.559686
Cap : 252°
</desc>
			</trkpt>
			<trkpt lat="43.43190639" lon="1.55249751">
				<ele>524.7090</ele>
				<time>2023-10-22T12:30:27Z</time>
				<desc>Vitesse : 247 kmh
Altitude : 1721 ft
Latitude : 43.431906
Longitude : 1.552498
Cap : 251°
</desc>
			</trkpt>
			<trkpt lat="43.43009820" lon="1.54527496">
				<ele>520.0521</ele>
				<time>2023-10-22T12:30:36Z</time>
				<desc>Vitesse : 247 kmh
Altitude : 1706 ft
Latitude : 43.430098
Longitude : 1.545275
Cap : 252°
</desc>
			</trkpt>
			<trkpt lat="43.42834705" lon="1.53810749">
				<ele>518.6461</ele>
				<time>2023-10-22T12:30:45Z</time>
				<desc>Vitesse : 243 kmh
Altitude : 1702 ft
Latitude : 43.428347
Longitude : 1.538107
Cap : 251°
</desc>
			</trkpt>
			<trkpt lat="43.42647093" lon="1.53104111">
				<ele>513.6602</ele>
				<time>2023-10-22T12:30:54Z</time>
				<desc>Vitesse : 242 kmh
Altitude : 1685 ft
Latitude : 43.426471
Longitude : 1.531041
Cap : 251°
</desc>
			</trkpt>
			<trkpt lat="43.42463089" lon="1.52388157">
				<ele>507.7101</ele>
				<time>2023-10-22T12:31:03Z</time>
				<desc>Vitesse : 246 kmh
Altitude : 1666 ft
Latitude : 43.424631
Longitude : 1.523882
Cap : 251°
</desc>
			</trkpt>
			<trkpt lat="43.42278133" lon="1.51675353">
				<ele>519.0432</ele>
				<time>2023-10-22T12:31:12Z</time>
				<desc>Vitesse : 245 kmh
Altitude : 1703 ft
Latitude : 43.422781
Longitude : 1.516754
Cap : 249°
</desc>
			</trkpt>
			<trkpt lat="43.42083422" lon="1.50973697">
				<ele>519.7109</ele>
				<time>2023-10-22T12:31:21Z</time>
				<desc>Vitesse : 244 kmh
Altitude : 1705 ft
Latitude : 43.420834
Longitude : 1.509737
Cap : 249°
</desc>
			</trkpt>
			<trkpt lat="43.41892325" lon="1.50267816">
				<ele>510.5248</ele>
				<time>2023-10-22T12:31:30Z</time>
				<desc>Vitesse : 247 kmh
Altitude : 1675 ft
Latitude : 43.418923
Longitude : 1.502678
Cap : 249°
</desc>
			</trkpt>
			<trkpt lat="43.41701951" lon="1.49555546">
				<ele>513.8503</ele>
				<time>2023-10-22T12:31:39Z</time>
				<desc>Vitesse : 246 kmh
Altitude : 1686 ft
Latitude : 43.417020
Longitude : 1.495555
Cap : 251°
</desc>
			</trkpt>
			<trkpt lat="43.41526505" lon="1.48842734">
				<ele>517.1143</ele>
				<time>2023-10-22T12:31:48Z</time>
				<desc>Vitesse : 245 kmh
Altitude : 1697 ft
Latitude : 43.415265
Longitude : 1.488427
Cap : 251°
</desc>
			</trkpt>
			<trkpt lat="43.41349161" lon="1.48117704">
				<ele>507.0833</ele>
				<time>2023-10-22T12:31:57Z</time>
				<desc>Vitesse : 249 kmh
Altitude : 1664 ft
Latitude : 43.413492
Longitude : 1.481177
Cap : 253°
</desc>
			</trkpt>
			<trkpt lat="43.41182045" lon="1.47382763">
				<ele>503.5554</ele>
				<time>2023-10-22T12:32:06Z</time>
				<desc>Vitesse : 247 kmh
Altitude : 1652 ft
Latitude : 43.411820
Longitude : 1.473828
Cap : 253°
</desc>
			</trkpt>
			<trkpt lat="43.41027162" lon="1.46660176">
				<ele>506.5984</ele>
				<time>2023-10-22T12:32:15Z</time>
				<desc>Vitesse : 242 kmh
Altitude : 1662 ft
Latitude : 43.410272
Longitude : 1.466602
Cap : 254°
</desc>
			</trkpt>
			<trkpt lat="43.40877103" lon="1.45940665">
				<ele>502.4458</ele>
				<time>2023-10-22T12:32:24Z</time>
				<desc>Vitesse : 243 kmh
Altitude : 1648 ft
Latitude : 43.408771
Longitude : 1.459407
Cap : 255°
</desc>
			</trkpt>
			<trkpt lat="43.40736152" lon="1.45221173">
				<ele>504.6964</ele>
				<time>2023-10-22T12:32:33Z</time>
				<desc>Vitesse : 244 kmh
Altitude : 1656 ft
Latitude : 43.407362
Longitude : 1.452212
Cap : 255°
</desc>
			</trkpt>
			<trkpt lat="43.40596449" lon="1.44495631">
				<ele>510.3750</ele>
				<time>2023-10-22T12:32:42Z</time>
				<desc>Vitesse : 240 kmh
Altitude : 1674 ft
Latitude : 43.405964
Longitude : 1.444956
Cap : 253°
</desc>
			</trkpt>
			<trkpt lat="43.40436728" lon="1.43782721">
				<ele>500.7865</ele>
				<time>2023-10-22T12:32:51Z</time>
				<desc>Vitesse : 244 kmh
Altitude : 1643 ft
Latitude : 43.404367
Longitude : 1.437827
Cap : 252°
</desc>
			</trkpt>
			<trkpt lat="43.40269124" lon="1.43067230">
				<ele>499.5112</ele>
				<time>2023-10-22T12:33:00Z</time>
				<desc>Vitesse : 239 kmh
Altitude : 1639 ft
Latitude : 43.402691
Longitude : 1.430672
Cap : 253°
</desc>
			</trkpt>
			<trkpt lat="43.40091160" lon="1.42283151">
				<ele>502.6932</ele>
				<time>2023-10-22T12:33:10Z</time>
				<desc>Vitesse : 241 kmh
Altitude : 1649 ft
Latitude : 43.400912
Longitude : 1.422832
Cap : 253°
</desc>
			</trkpt>
			<trkpt lat="43.39941041" lon="1.41567949">
				<ele>501.0979</ele>
				<time>2023-10-22T12:33:19Z</time>
				<desc>Vitesse : 243 kmh
Altitude : 1644 ft
Latitude : 43.399410
Longitude : 1.415679
Cap : 255°
</desc>
			</trkpt>
			<trkpt lat="43.39786212" lon="1.40845627">
				<ele>491.1245</ele>
				<time>2023-10-22T12:33:28Z</time>
				<desc>Vitesse : 246 kmh
Altitude : 1611 ft
Latitude : 43.397862
Longitude : 1.408456
Cap : 252°
</desc>
			</trkpt>
			<trkpt lat="43.39619079" lon="1.40125098">
				<ele>496.8167</ele>
				<time>2023-10-22T12:33:37Z</time>
				<desc>Vitesse : 237 kmh
Altitude : 1630 ft
Latitude : 43.396191
Longitude : 1.401251
Cap : 253°
</desc>
			</trkpt>
			<trkpt lat="43.39446404" lon="1.39421731">
				<ele>499.2908</ele>
				<time>2023-10-22T12:33:46Z</time>
				<desc>Vitesse : 241 kmh
Altitude : 1638 ft
Latitude : 43.394464
Longitude : 1.394217
Cap : 251°
</desc>
			</trkpt>
			<trkpt lat="43.39259398" lon="1.38638751">
				<ele>506.3513</ele>
				<time>2023-10-22T12:33:56Z</time>
				<desc>Vitesse : 240 kmh
Altitude : 1661 ft
Latitude : 43.392594
Longitude : 1.386388
Cap : 253°
</desc>
			</trkpt>
			<trkpt lat="43.39078575" lon="1.37851881">
				<ele>509.5061</ele>
				<time>2023-10-22T12:34:06Z</time>
				<desc>Vitesse : 242 kmh
Altitude : 1672 ft
Latitude : 43.390786
Longitude : 1.378519
Cap : 251°
</desc>
			</trkpt>
			<trkpt lat="43.38913240" lon="1.37142797">
				<ele>506.4261</ele>
				<time>2023-10-22T12:34:15Z</time>
				<desc>Vitesse : 241 kmh
Altitude : 1662 ft
Latitude : 43.389132
Longitude : 1.371428
Cap : 252°
</desc>
			</trkpt>
			<trkpt lat="43.38750099" lon="1.36435020">
				<ele>491.3440</ele>
				<time>2023-10-22T12:34:24Z</time>
				<desc>Vitesse : 239 kmh
Altitude : 1612 ft
Latitude : 43.387501
Longitude : 1.364350
Cap : 253°
</desc>
			</trkpt>
			<trkpt lat="43.38574407" lon="1.35660586">
				<ele>492.8188</ele>
				<time>2023-10-22T12:34:34Z</time>
				<desc>Vitesse : 232 kmh
Altitude : 1617 ft
Latitude : 43.385744
Longitude : 1.356606
Cap : 254°
</desc>
			</trkpt>
			<trkpt lat="43.38412065" lon="1.34903753">
				<ele>497.6666</ele>
				<time>2023-10-22T12:34:44Z</time>
				<desc>Vitesse : 230 kmh
Altitude : 1633 ft
Latitude : 43.384121
Longitude : 1.349038
Cap : 254°
</desc>
			</trkpt>
			<trkpt lat="43.38252765" lon="1.34150634">
				<ele>504.0475</ele>
				<time>2023-10-22T12:34:54Z</time>
				<desc>Vitesse : 229 kmh
Altitude : 1654 ft
Latitude : 43.382528
Longitude : 1.341506
Cap : 254°
</desc>
			</trkpt>
			<trkpt lat="43.38090767" lon="1.33405279">
				<ele>509.6536</ele>
				<time>2023-10-22T12:35:04Z</time>
				<desc>Vitesse : 229 kmh
Altitude : 1672 ft
Latitude : 43.380908
Longitude : 1.334053
Cap : 254°
</desc>
			</trkpt>
			<trkpt lat="43.37927248" lon="1.32641015">
				<ele>515.7810</ele>
				<time>2023-10-22T12:35:14Z</time>
				<desc>Vitesse : 235 kmh
Altitude : 1692 ft
Latitude : 43.379272
Longitude : 1.326410
Cap : 254°
</desc>
			</trkpt>
			<trkpt lat="43.37761915" lon="1.31859928">
				<ele>510.9648</ele>
				<time>2023-10-22T12:35:24Z</time>
				<desc>Vitesse : 238 kmh
Altitude : 1676 ft
Latitude : 43.377619
Longitude : 1.318599
Cap : 254°
</desc>
			</trkpt>
			<trkpt lat="43.37600180" lon="1.31084644">
				<ele>519.1865</ele>
				<time>2023-10-22T12:35:34Z</time>
				<desc>Vitesse : 232 kmh
Altitude : 1703 ft
Latitude : 43.376002
Longitude : 1.310846
Cap : 255°
</desc>
			</trkpt>
			<trkpt lat="43.37443311" lon="1.30310435">
				<ele>511.0448</ele>
				<time>2023-10-22T12:35:44Z</time>
				<desc>Vitesse : 237 kmh
Altitude : 1677 ft
Latitude : 43.374433
Longitude : 1.303104
Cap : 254°
</desc>
			</trkpt>
			<trkpt lat="43.37278791" lon="1.29524050">
				<ele>510.3630</ele>
				<time>2023-10-22T12:35:54Z</time>
				<desc>Vitesse : 239 kmh
Altitude : 1674 ft
Latitude : 43.372788
Longitude : 1.295241
Cap : 254°
</desc>
			</trkpt>
			<trkpt lat="43.37132982" lon="1.28809443">
				<ele>512.2026</ele>
				<time>2023-10-22T12:36:03Z</time>
				<desc>Vitesse : 240 kmh
Altitude : 1680 ft
Latitude : 43.371330
Longitude : 1.288094
Cap : 254°
</desc>
			</trkpt>
			<trkpt lat="43.36972754" lon="1.28099625">
				<ele>506.7253</ele>
				<time>2023-10-22T12:36:12Z</time>
				<desc>Vitesse : 238 kmh
Altitude : 1662 ft
Latitude : 43.369728
Longitude : 1.280996
Cap : 252°
</desc>
			</trkpt>
			<trkpt lat="43.36792560" lon="1.27318678">
				<ele>504.5840</ele>
				<time>2023-10-22T12:36:22Z</time>
				<desc>Vitesse : 239 kmh
Altitude : 1655 ft
Latitude : 43.367926
Longitude : 1.273187
Cap : 252°
</desc>
			</trkpt>
			<trkpt lat="43.36610750" lon="1.26545418">
				<ele>517.8098</ele>
				<time>2023-10-22T12:36:32Z</time>
				<desc>Vitesse : 234 kmh
Altitude : 1699 ft
Latitude : 43.366108
Longitude : 1.265454
Cap : 251°
</desc>
			</trkpt>
			<trkpt lat="43.36410848" lon="1.25877147">
				<ele>517.2312</ele>
				<time>2023-10-22T12:36:41Z</time>
				<desc>Vitesse : 234 kmh
Altitude : 1697 ft
Latitude : 43.364108
Longitude : 1.258771
Cap : 243°
</desc>
			</trkpt>
			<trkpt lat="43.36146269" lon="1.25158553">
				<ele>517.7355</ele>
				<time>2023-10-22T12:36:51Z</time>
				<desc>Vitesse : 237 kmh
Altitude : 1699 ft
Latitude : 43.361463
Longitude : 1.251586
Cap : 242°
</desc>
			</trkpt>
			<trkpt lat="43.35878337" lon="1.24447788">
				<ele>521.9506</ele>
				<time>2023-10-22T12:37:01Z</time>
				<desc>Vitesse : 231 kmh
Altitude : 1712 ft
Latitude : 43.358783
Longitude : 1.244478
Cap : 243°
</desc>
			</trkpt>
			<trkpt lat="43.35619255" lon="1.23743377">
				<ele>535.8303</ele>
				<time>2023-10-22T12:37:11Z</time>
				<desc>Vitesse : 227 kmh
Altitude : 1758 ft
Latitude : 43.356193
Longitude : 1.237434
Cap : 244°
</desc>
			</trkpt>
			<trkpt lat="43.35358564" lon="1.23059372">
				<ele>536.8921</ele>
				<time>2023-10-22T12:37:21Z</time>
				<desc>Vitesse : 227 kmh
Altitude : 1761 ft
Latitude : 43.353586
Longitude : 1.230594
Cap : 241°
</desc>
			</trkpt>
			<trkpt lat="43.35084868" lon="1.22373331">
				<ele>539.0933</ele>
				<time>2023-10-22T12:37:31Z</time>
				<desc>Vitesse : 226 kmh
Altitude : 1769 ft
Latitude : 43.350849
Longitude : 1.223733
Cap : 242°
</desc>
			</trkpt>
			<trkpt lat="43.34825150" lon="1.21677586">
				<ele>537.4468</ele>
				<time>2023-10-22T12:37:41Z</time>
				<desc>Vitesse : 229 kmh
Altitude : 1763 ft
Latitude : 43.348252
Longitude : 1.216776
Cap : 243°
</desc>
			</trkpt>
			<trkpt lat="43.34557461" lon="1.21016176">
				<ele>560.0366</ele>
				<time>2023-10-22T12:37:51Z</time>
				<desc>Vitesse : 215 kmh
Altitude : 1837 ft
Latitude : 43.345575
Longitude : 1.210162
Cap : 239°
</desc>
			</trkpt>
			<trkpt lat="43.34255379" lon="1.20329158">
				<ele>575.4814</ele>
				<time>2023-10-22T12:38:02Z</time>
				<desc>Vitesse : 212 kmh
Altitude : 1888 ft
Latitude : 43.342554
Longitude : 1.203292
Cap : 241°
</desc>
			</trkpt>
			<trkpt lat="43.33976464" lon="1.19648161">
				<ele>592.4932</ele>
				<time>2023-10-22T12:38:13Z</time>
				<desc>Vitesse : 206 kmh
Altitude : 1944 ft
Latitude : 43.339765
Longitude : 1.196482
Cap : 241°
</desc>
			</trkpt>
			<trkpt lat="43.33709441" lon="1.18965185">
				<ele>607.1638</ele>
				<time>2023-10-22T12:38:24Z</time>
				<desc>Vitesse : 208 kmh
Altitude : 1992 ft
Latitude : 43.337094
Longitude : 1.189652
Cap : 243°
</desc>
			</trkpt>
			<trkpt lat="43.33450958" lon="1.18270070">
				<ele>621.6233</ele>
				<time>2023-10-22T12:38:35Z</time>
				<desc>Vitesse : 212 kmh
Altitude : 2039 ft
Latitude : 43.334510
Longitude : 1.182701
Cap : 244°
</desc>
			</trkpt>
			<trkpt lat="43.33173780" lon="1.17557234">
				<ele>624.6584</ele>
				<time>2023-10-22T12:38:46Z</time>
				<desc>Vitesse : 216 kmh
Altitude : 2049 ft
Latitude : 43.331738
Longitude : 1.175572
Cap : 240°
</desc>
			</trkpt>
			<trkpt lat="43.32892043" lon="1.16864663">
				<ele>642.3367</ele>
				<time>2023-10-22T12:38:57Z</time>
				<desc>Vitesse : 206 kmh
Altitude : 2107 ft
Latitude : 43.328920
Longitude : 1.168647
Cap : 240°
</desc>
			</trkpt>
			<trkpt lat="43.32604836" lon="1.16200296">
				<ele>646.0841</ele>
				<time>2023-10-22T12:39:08Z</time>
				<desc>Vitesse : 203 kmh
Altitude : 2120 ft
Latitude : 43.326048
Longitude : 1.162003
Cap : 238°
</desc>
			</trkpt>
			<trkpt lat="43.32287135" lon="1.15571477">
				<ele>661.0674</ele>
				<time>2023-10-22T12:39:19Z</time>
				<desc>Vitesse : 204 kmh
Altitude : 2169 ft
Latitude : 43.322871
Longitude : 1.155715
Cap : 235°
</desc>
			</trkpt>
			<trkpt lat="43.31948324" lon="1.14969568">
				<ele>672.8378</ele>
				<time>2023-10-22T12:39:30Z</time>
				<desc>Vitesse : 199 kmh
Altitude : 2207 ft
Latitude : 43.319483
Longitude : 1.149696
Cap : 231°
</desc>
			</trkpt>
			<trkpt lat="43.31619706" lon="1.14360837">
				<ele>688.2512</ele>
				<time>2023-10-22T12:39:41Z</time>
				<desc>Vitesse : 204 kmh
Altitude : 2258 ft
Latitude : 43.316197
Longitude : 1.143608
Cap : 237°
</desc>
			</trkpt>
			<trkpt lat="43.31335679" lon="1.13693748">
				<ele>704.0790</ele>
				<time>2023-10-22T12:39:52Z</time>
				<desc>Vitesse : 209 kmh
Altitude : 2310 ft
Latitude : 43.313357
Longitude : 1.136937
Cap : 241°
</desc>
			</trkpt>
			<trkpt lat="43.31089476" lon="1.13014053">
				<ele>720.9775</ele>
				<time>2023-10-22T12:40:03Z</time>
				<desc>Vitesse : 201 kmh
Altitude : 2365 ft
Latitude : 43.310895
Longitude : 1.130141
Cap : 244°
</desc>
			</trkpt>
			<trkpt lat="43.30833683" lon="1.12332392">
				<ele>730.5920</ele>
				<time>2023-10-22T12:40:14Z</time>
				<desc>Vitesse : 203 kmh
Altitude : 2397 ft
Latitude : 43.308337
Longitude : 1.123324
Cap : 242°
</desc>
			</trkpt>
			<trkpt lat="43.30579185" lon="1.11649833">
				<ele>740.0510</ele>
				<time>2023-10-22T12:40:25Z</time>
				<desc>Vitesse : 204 kmh
Altitude : 2428 ft
Latitude : 43.305792
Longitude : 1.116498
Cap : 244°
</desc>
			</trkpt>
			<trkpt lat="43.30318783" lon="1.10960427">
				<ele>746.5581</ele>
				<time>2023-10-22T12:40:36Z</time>
				<desc>Vitesse : 210 kmh
Altitude : 2449 ft
Latitude : 43.303188
Longitude : 1.109604
Cap : 243°
</desc>
			</trkpt>
			<trkpt lat="43.30058055" lon="1.10252730">
				<ele>765.7490</ele>
				<time>2023-10-22T12:40:47Z</time>
				<desc>Vitesse : 209 kmh
Altitude : 2512 ft
Latitude : 43.300581
Longitude : 1.102527
Cap : 243°
</desc>
			</trkpt>
			<trkpt lat="43.29811451" lon="1.09548885">
				<ele>777.5835</ele>
				<time>2023-10-22T12:40:58Z</time>
				<desc>Vitesse : 207 kmh
Altitude : 2551 ft
Latitude : 43.298115
Longitude : 1.095489
Cap : 244°
</desc>
			</trkpt>
			<trkpt lat="43.29560118" lon="1.08865141">
				<ele>793.0836</ele>
				<time>2023-10-22T12:41:09Z</time>
				<desc>Vitesse : 202 kmh
Altitude : 2602 ft
Latitude : 43.295601
Longitude : 1.088651
Cap : 243°
</desc>
			</trkpt>
			<trkpt lat="43.29305238" lon="1.08188153">
				<ele>820.6719</ele>
				<time>2023-10-22T12:41:20Z</time>
				<desc>Vitesse : 203 kmh
Altitude : 2692 ft
Latitude : 43.293052
Longitude : 1.081882
Cap : 243°
</desc>
			</trkpt>
			<trkpt lat="43.29057101" lon="1.07502090">
				<ele>838.2903</ele>
				<time>2023-10-22T12:41:31Z</time>
				<desc>Vitesse : 205 kmh
Altitude : 2750 ft
Latitude : 43.290571
Longitude : 1.075021
Cap : 244°
</desc>
			</trkpt>
			<trkpt lat="43.28809722" lon="1.06797345">
				<ele>858.4086</ele>
				<time>2023-10-22T12:41:42Z</time>
				<desc>Vitesse : 214 kmh
Altitude : 2816 ft
Latitude : 43.288097
Longitude : 1.067973
Cap : 243°
</desc>
			</trkpt>
			<trkpt lat="43.28539558" lon="1.06083235">
				<ele>871.1423</ele>
				<time>2023-10-22T12:41:53Z</time>
				<desc>Vitesse : 215 kmh
Altitude : 2858 ft
Latitude : 43.285396
Longitude : 1.060832
Cap : 242°
</desc>
			</trkpt>
			<trkpt lat="43.28270585" lon="1.05368720">
				<ele>901.6997</ele>
				<time>2023-10-22T12:42:04Z</time>
				<desc>Vitesse : 213 kmh
Altitude : 2958 ft
Latitude : 43.282706
Longitude : 1.053687
Cap : 243°
</desc>
			</trkpt>
			<trkpt lat="43.28009387" lon="1.04644480">
				<ele>917.8835</ele>
				<time>2023-10-22T12:42:15Z</time>
				<desc>Vitesse : 216 kmh
Altitude : 3011 ft
Latitude : 43.280094
Longitude : 1.046445
Cap : 244°
</desc>
			</trkpt>
			<trkpt lat="43.27751713" lon="1.03921892">
				<ele>937.2509</ele>
				<time>2023-10-22T12:42:26Z</time>
				<desc>Vitesse : 213 kmh
Altitude : 3075 ft
Latitude : 43.277517
Longitude : 1.039219
Cap : 244°
</desc>
			</trkpt>
			<trkpt lat="43.27488015" lon="1.03207913">
				<ele>958.6879</ele>
				<time>2023-10-22T12:42:37Z</time>
				<desc>Vitesse : 215 kmh
Altitude : 3145 ft
Latitude : 43.274880
Longitude : 1.032079
Cap : 244°
</desc>
			</trkpt>
			<trkpt lat="43.27226683" lon="1.02486689">
				<ele>974.5931</ele>
				<time>2023-10-22T12:42:48Z</time>
				<desc>Vitesse : 209 kmh
Altitude : 3197 ft
Latitude : 43.272267
Longitude : 1.024867
Cap : 244°
</desc>
			</trkpt>
			<trkpt lat="43.26972390" lon="1.01784386">
				<ele>996.1578</ele>
				<time>2023-10-22T12:42:59Z</time>
				<desc>Vitesse : 211 kmh
Altitude : 3268 ft
Latitude : 43.269724
Longitude : 1.017844
Cap : 244°
</desc>
			</trkpt>
			<trkpt lat="43.26724817" lon="1.01056718">
				<ele>1010.9293</ele>
				<time>2023-10-22T12:43:10Z</time>
				<desc>Vitesse : 216 kmh
Altitude : 3317 ft
Latitude : 43.267248
Longitude : 1.010567
Cap : 246°
</desc>
			</trkpt>
			<trkpt lat="43.26484560" lon="1.00319905">
				<ele>1023.4735</ele>
				<time>2023-10-22T12:43:21Z</time>
				<desc>Vitesse : 217 kmh
Altitude : 3358 ft
Latitude : 43.264846
Longitude : 1.003199
Cap : 246°
</desc>
			</trkpt>
			<trkpt lat="43.26241963" lon="0.99579455">
				<ele>1033.9395</ele>
				<time>2023-10-22T12:43:32Z</time>
				<desc>Vitesse : 217 kmh
Altitude : 3392 ft
Latitude : 43.262420
Longitude : 0.995795
Cap : 246°
</desc>
			</trkpt>
			<trkpt lat="43.26013085" lon="0.98891740">
				<ele>1033.1664</ele>
				<time>2023-10-22T12:43:42Z</time>
				<desc>Vitesse : 224 kmh
Altitude : 3390 ft
Latitude : 43.260131
Longitude : 0.988917
Cap : 245°
</desc>
			</trkpt>
			<trkpt lat="43.25782971" lon="0.98201282">
				<ele>1042.0176</ele>
				<time>2023-10-22T12:43:52Z</time>
				<desc>Vitesse : 219 kmh
Altitude : 3419 ft
Latitude : 43.257830
Longitude : 0.982013
Cap : 245°
</desc>
			</trkpt>
			<trkpt lat="43.25531261" lon="0.97466600">
				<ele>1047.7181</ele>
				<time>2023-10-22T12:44:03Z</time>
				<desc>Vitesse : 216 kmh
Altitude : 3437 ft
Latitude : 43.255313
Longitude : 0.974666
Cap : 244°
</desc>
			</trkpt>
			<trkpt lat="43.25275598" lon="0.96805892">
				<ele>1049.7788</ele>
				<time>2023-10-22T12:44:13Z</time>
				<desc>Vitesse : 222 kmh
Altitude : 3444 ft
Latitude : 43.252756
Longitude : 0.968059
Cap : 241°
</desc>
			</trkpt>
			<trkpt lat="43.25019673" lon="0.96138406">
				<ele>1055.4025</ele>
				<time>2023-10-22T12:44:23Z</time>
				<desc>Vitesse : 217 kmh
Altitude : 3463 ft
Latitude : 43.250197
Longitude : 0.961384
Cap : 242°
</desc>
			</trkpt>
			<trkpt lat="43.24726216" lon="0.95443693">
				<ele>1067.7582</ele>
				<time>2023-10-22T12:44:34Z</time>
				<desc>Vitesse : 214 kmh
Altitude : 3503 ft
Latitude : 43.247262
Longitude : 0.954437
Cap : 240°
</desc>
			</trkpt>
			<trkpt lat="43.24450855" lon="0.94724132">
				<ele>1071.8558</ele>
				<time>2023-10-22T12:44:45Z</time>
				<desc>Vitesse : 217 kmh
Altitude : 3517 ft
Latitude : 43.244509
Longitude : 0.947241
Cap : 244°
</desc>
			</trkpt>
			<trkpt lat="43.24206880" lon="0.94053255">
				<ele>1073.0496</ele>
				<time>2023-10-22T12:44:55Z</time>
				<desc>Vitesse : 222 kmh
Altitude : 3521 ft
Latitude : 43.242069
Longitude : 0.940533
Cap : 243°
</desc>
			</trkpt>
			<trkpt lat="43.23956657" lon="0.93375126">
				<ele>1071.5504</ele>
				<time>2023-10-22T12:45:05Z</time>
				<desc>Vitesse : 224 kmh
Altitude : 3516 ft
Latitude : 43.239567
Longitude : 0.933751
Cap : 243°
</desc>
			</trkpt>
			<trkpt lat="43.23705852" lon="0.92689397">
				<ele>1067.7583</ele>
				<time>2023-10-22T12:45:15Z</time>
				<desc>Vitesse : 223 kmh
Altitude : 3503 ft
Latitude : 43.237059
Longitude : 0.926894
Cap : 244°
</desc>
			</trkpt>
			<trkpt lat="43.23458747" lon="0.91998944">
				<ele>1067.3011</ele>
				<time>2023-10-22T12:45:22Z</time>
				<desc>Vitesse : 225 kmh
Altitude : 3502 ft
Latitude : 43.234587
Longitude : 0.919989
Cap : 244°
</desc>
			</trkpt>
			<trkpt lat="43.23213356" lon="0.91304085">
				<ele>1067.3091</ele>
				<time>2023-10-22T12:45:32Z</time>
				<desc>Vitesse : 228 kmh
Altitude : 3502 ft
Latitude : 43.232134
Longitude : 0.913041
Cap : 244°
</desc>
			</trkpt>
			<trkpt lat="43.22969958" lon="0.90610324">
				<ele>1065.0613</ele>
				<time>2023-10-22T12:45:42Z</time>
				<desc>Vitesse : 226 kmh
Altitude : 3494 ft
Latitude : 43.229700
Longitude : 0.906103
Cap : 244°
</desc>
			</trkpt>
			<trkpt lat="43.22719601" lon="0.89918758">
				<ele>1059.3557</ele>
				<time>2023-10-22T12:45:52Z</time>
				<desc>Vitesse : 224 kmh
Altitude : 3476 ft
Latitude : 43.227196
Longitude : 0.899188
Cap : 243°
</desc>
			</trkpt>
			<trkpt lat="43.22454917" lon="0.89235808">
				<ele>1059.8123</ele>
				<time>2023-10-22T12:46:02Z</time>
				<desc>Vitesse : 225 kmh
Altitude : 3477 ft
Latitude : 43.224549
Longitude : 0.892358
Cap : 243°
</desc>
			</trkpt>
			<trkpt lat="43.22199332" lon="0.88553242">
				<ele>1057.6986</ele>
				<time>2023-10-22T12:46:12Z</time>
				<desc>Vitesse : 223 kmh
Altitude : 3470 ft
Latitude : 43.221993
Longitude : 0.885532
Cap : 243°
</desc>
			</trkpt>
			<trkpt lat="43.21944964" lon="0.87893263">
				<ele>1065.5314</ele>
				<time>2023-10-22T12:46:22Z</time>
				<desc>Vitesse : 214 kmh
Altitude : 3496 ft
Latitude : 43.219450
Longitude : 0.878933
Cap : 242°
</desc>
			</trkpt>
			<trkpt lat="43.21669478" lon="0.87188510">
				<ele>1072.1754</ele>
				<time>2023-10-22T12:46:33Z</time>
				<desc>Vitesse : 213 kmh
Altitude : 3518 ft
Latitude : 43.216695
Longitude : 0.871885
Cap : 243°
</desc>
			</trkpt>
			<trkpt lat="43.21404853" lon="0.86468326">
				<ele>1077.7587</ele>
				<time>2023-10-22T12:46:44Z</time>
				<desc>Vitesse : 216 kmh
Altitude : 3536 ft
Latitude : 43.214049
Longitude : 0.864683
Cap : 243°
</desc>
			</trkpt>
			<trkpt lat="43.21165118" lon="0.85804558">
				<ele>1085.3700</ele>
				<time>2023-10-22T12:46:54Z</time>
				<desc>Vitesse : 216 kmh
Altitude : 3561 ft
Latitude : 43.211651
Longitude : 0.858046
Cap : 244°
</desc>
			</trkpt>
			<trkpt lat="43.20921369" lon="0.85141408">
				<ele>1085.7156</ele>
				<time>2023-10-22T12:47:04Z</time>
				<desc>Vitesse : 219 kmh
Altitude : 3562 ft
Latitude : 43.209214
Longitude : 0.851414
Cap : 243°
</desc>
			</trkpt>
			<trkpt lat="43.20664914" lon="0.84471463">
				<ele>1086.1204</ele>
				<time>2023-10-22T12:47:14Z</time>
				<desc>Vitesse : 223 kmh
Altitude : 3563 ft
Latitude : 43.206649
Longitude : 0.844715
Cap : 242°
</desc>
			</trkpt>
			<trkpt lat="43.20404573" lon="0.83797200">
				<ele>1084.7203</ele>
				<time>2023-10-22T12:47:24Z</time>
				<desc>Vitesse : 224 kmh
Altitude : 3559 ft
Latitude : 43.204046
Longitude : 0.837972
Cap : 242°
</desc>
			</trkpt>
			<trkpt lat="43.20142468" lon="0.83111564">
				<ele>1076.0686</ele>
				<time>2023-10-22T12:47:34Z</time>
				<desc>Vitesse : 229 kmh
Altitude : 3530 ft
Latitude : 43.201425
Longitude : 0.831116
Cap : 243°
</desc>
			</trkpt>
			<trkpt lat="43.19882983" lon="0.82422118">
				<ele>1078.2942</ele>
				<time>2023-10-22T12:47:44Z</time>
				<desc>Vitesse : 227 kmh
Altitude : 3538 ft
Latitude : 43.198830
Longitude : 0.824221
Cap : 243°
</desc>
			</trkpt>
			<trkpt lat="43.19600460" lon="0.81743918">
				<ele>1077.6722</ele>
				<time>2023-10-22T12:47:54Z</time>
				<desc>Vitesse : 227 kmh
Altitude : 3536 ft
Latitude : 43.196005
Longitude : 0.817439
Cap : 240°
</desc>
			</trkpt>
			<trkpt lat="43.19330893" lon="0.81062114">
				<ele>1079.8735</ele>
				<time>2023-10-22T12:48:04Z</time>
				<desc>Vitesse : 222 kmh
Altitude : 3543 ft
Latitude : 43.193309
Longitude : 0.810621
Cap : 242°
</desc>
			</trkpt>
			<trkpt lat="43.19080750" lon="0.80377155">
				<ele>1083.0699</ele>
				<time>2023-10-22T12:48:14Z</time>
				<desc>Vitesse : 224 kmh
Altitude : 3553 ft
Latitude : 43.190808
Longitude : 0.803772
Cap : 244°
</desc>
			</trkpt>
			<trkpt lat="43.18827991" lon="0.79687227">
				<ele>1079.3926</ele>
				<time>2023-10-22T12:48:24Z</time>
				<desc>Vitesse : 228 kmh
Altitude : 3541 ft
Latitude : 43.188280
Longitude : 0.796872
Cap : 244°
</desc>
			</trkpt>
			<trkpt lat="43.18583328" lon="0.78995496">
				<ele>1081.4478</ele>
				<time>2023-10-22T12:48:34Z</time>
				<desc>Vitesse : 226 kmh
Altitude : 3548 ft
Latitude : 43.185833
Longitude : 0.789955
Cap : 244°
</desc>
			</trkpt>
			<trkpt lat="43.18329490" lon="0.78311379">
				<ele>1086.8840</ele>
				<time>2023-10-22T12:48:44Z</time>
				<desc>Vitesse : 224 kmh
Altitude : 3566 ft
Latitude : 43.183295
Longitude : 0.783114
Cap : 244°
</desc>
			</trkpt>
			<trkpt lat="43.18090949" lon="0.77614466">
				<ele>1086.8571</ele>
				<time>2023-10-22T12:48:54Z</time>
				<desc>Vitesse : 225 kmh
Altitude : 3566 ft
Latitude : 43.180909
Longitude : 0.776145
Cap : 246°
</desc>
			</trkpt>
			<trkpt lat="43.17866169" lon="0.76916911">
				<ele>1090.6890</ele>
				<time>2023-10-22T12:49:04Z</time>
				<desc>Vitesse : 223 kmh
Altitude : 3578 ft
Latitude : 43.178662
Longitude : 0.769169
Cap : 246°
</desc>
			</trkpt>
			<trkpt lat="43.17642792" lon="0.76227612">
				<ele>1096.1053</ele>
				<time>2023-10-22T12:49:14Z</time>
				<desc>Vitesse : 223 kmh
Altitude : 3596 ft
Latitude : 43.176428
Longitude : 0.762276
Cap : 246°
</desc>
			</trkpt>
			<trkpt lat="43.17410501" lon="0.75539807">
				<ele>1102.9540</ele>
				<time>2023-10-22T12:49:24Z</time>
				<desc>Vitesse : 221 kmh
Altitude : 3619 ft
Latitude : 43.174105
Longitude : 0.755398
Cap : 245°
</desc>
			</trkpt>
			<trkpt lat="43.17167211" lon="0.74861739">
				<ele>1106.0825</ele>
				<time>2023-10-22T12:49:34Z</time>
				<desc>Vitesse : 221 kmh
Altitude : 3629 ft
Latitude : 43.171672
Longitude : 0.748617
Cap : 244°
</desc>
			</trkpt>
			<trkpt lat="43.16917306" lon="0.74186173">
				<ele>1104.1625</ele>
				<time>2023-10-22T12:49:44Z</time>
				<desc>Vitesse : 223 kmh
Altitude : 3623 ft
Latitude : 43.169173
Longitude : 0.741862
Cap : 243°
</desc>
			</trkpt>
			<trkpt lat="43.16663710" lon="0.73497999">
				<ele>1103.4482</ele>
				<time>2023-10-22T12:49:54Z</time>
				<desc>Vitesse : 226 kmh
Altitude : 3620 ft
Latitude : 43.166637
Longitude : 0.734980
Cap : 243°
</desc>
			</trkpt>
			<trkpt lat="43.16416660" lon="0.72817722">
				<ele>1108.7227</ele>
				<time>2023-10-22T12:50:04Z</time>
				<desc>Vitesse : 222 kmh
Altitude : 3638 ft
Latitude : 43.164167
Longitude : 0.728177
Cap : 244°
</desc>
			</trkpt>
			<trkpt lat="43.16172524" lon="0.72140424">
				<ele>1114.8160</ele>
				<time>2023-10-22T12:50:14Z</time>
				<desc>Vitesse : 222 kmh
Altitude : 3658 ft
Latitude : 43.161725
Longitude : 0.721404
Cap : 244°
</desc>
			</trkpt>
			<trkpt lat="43.15930145" lon="0.71450966">
				<ele>1115.0618</ele>
				<time>2023-10-22T12:50:24Z</time>
				<desc>Vitesse : 224 kmh
Altitude : 3658 ft
Latitude : 43.159301
Longitude : 0.714510
Cap : 244°
</desc>
			</trkpt>
			<trkpt lat="43.15679413" lon="0.70765965">
				<ele>1114.7285</ele>
				<time>2023-10-22T12:50:34Z</time>
				<desc>Vitesse : 226 kmh
Altitude : 3657 ft
Latitude : 43.156794
Longitude : 0.707660
Cap : 243°
</desc>
			</trkpt>
			<trkpt lat="43.15426139" lon="0.70080846">
				<ele>1115.1986</ele>
				<time>2023-10-22T12:50:44Z</time>
				<desc>Vitesse : 226 kmh
Altitude : 3659 ft
Latitude : 43.154261
Longitude : 0.700808
Cap : 244°
</desc>
			</trkpt>
			<trkpt lat="43.15176179" lon="0.69383256">
				<ele>1118.6503</ele>
				<time>2023-10-22T12:50:54Z</time>
				<desc>Vitesse : 230 kmh
Altitude : 3670 ft
Latitude : 43.151762
Longitude : 0.693833
Cap : 244°
</desc>
			</trkpt>
			<trkpt lat="43.14924582" lon="0.68679240">
				<ele>1116.4034</ele>
				<time>2023-10-22T12:51:04Z</time>
				<desc>Vitesse : 230 kmh
Altitude : 3663 ft
Latitude : 43.149246
Longitude : 0.686792
Cap : 245°
</desc>
			</trkpt>
			<trkpt lat="43.14680581" lon="0.67974878">
				<ele>1123.9894</ele>
				<time>2023-10-22T12:51:14Z</time>
				<desc>Vitesse : 222 kmh
Altitude : 3688 ft
Latitude : 43.146806
Longitude : 0.679749
Cap : 244°
</desc>
			</trkpt>
			<trkpt lat="43.14432408" lon="0.67249532">
				<ele>1147.2776</ele>
				<time>2023-10-22T12:51:25Z</time>
				<desc>Vitesse : 218 kmh
Altitude : 3764 ft
Latitude : 43.144324
Longitude : 0.672495
Cap : 244°
</desc>
			</trkpt>
			<trkpt lat="43.14173264" lon="0.66532044">
				<ele>1170.2721</ele>
				<time>2023-10-22T12:51:36Z</time>
				<desc>Vitesse : 213 kmh
Altitude : 3839 ft
Latitude : 43.141733
Longitude : 0.665320
Cap : 243°
</desc>
			</trkpt>
			<trkpt lat="43.13914182" lon="0.65808508">
				<ele>1190.4785</ele>
				<time>2023-10-22T12:51:47Z</time>
				<desc>Vitesse : 214 kmh
Altitude : 3906 ft
Latitude : 43.139142
Longitude : 0.658085
Cap : 244°
</desc>
			</trkpt>
			<trkpt lat="43.13673102" lon="0.65078898">
				<ele>1206.5291</ele>
				<time>2023-10-22T12:51:58Z</time>
				<desc>Vitesse : 215 kmh
Altitude : 3958 ft
Latitude : 43.136731
Longitude : 0.650789
Cap : 246°
</desc>
			</trkpt>
			<trkpt lat="43.13449397" lon="0.64395010">
				<ele>1217.9048</ele>
				<time>2023-10-22T12:52:08Z</time>
				<desc>Vitesse : 219 kmh
Altitude : 3996 ft
Latitude : 43.134494
Longitude : 0.643950
Cap : 246°
</desc>
			</trkpt>
			<trkpt lat="43.13220659" lon="0.63648850">
				<ele>1227.2278</ele>
				<time>2023-10-22T12:52:19Z</time>
				<desc>Vitesse : 215 kmh
Altitude : 4026 ft
Latitude : 43.132207
Longitude : 0.636489
Cap : 247°
</desc>
			</trkpt>
			<trkpt lat="43.13009257" lon="0.62961575">
				<ele>1231.5465</ele>
				<time>2023-10-22T12:52:29Z</time>
				<desc>Vitesse : 220 kmh
Altitude : 4041 ft
Latitude : 43.130093
Longitude : 0.629616
Cap : 247°
</desc>
			</trkpt>
			<trkpt lat="43.12791870" lon="0.62224148">
				<ele>1250.0269</ele>
				<time>2023-10-22T12:52:40Z</time>
				<desc>Vitesse : 215 kmh
Altitude : 4101 ft
Latitude : 43.127919
Longitude : 0.622241
Cap : 248°
</desc>
			</trkpt>
			<trkpt lat="43.12578376" lon="0.61470672">
				<ele>1266.8921</ele>
				<time>2023-10-22T12:52:51Z</time>
				<desc>Vitesse : 215 kmh
Altitude : 4156 ft
Latitude : 43.125784
Longitude : 0.614707
Cap : 249°
</desc>
			</trkpt>
			<trkpt lat="43.12355062" lon="0.60720149">
				<ele>1282.4521</ele>
				<time>2023-10-22T12:53:02Z</time>
				<desc>Vitesse : 216 kmh
Altitude : 4208 ft
Latitude : 43.123551
Longitude : 0.607201
Cap : 248°
</desc>
			</trkpt>
			<trkpt lat="43.12131825" lon="0.59988289">
				<ele>1296.3279</ele>
				<time>2023-10-22T12:53:13Z</time>
				<desc>Vitesse : 211 kmh
Altitude : 4253 ft
Latitude : 43.121318
Longitude : 0.599883
Cap : 247°
</desc>
			</trkpt>
			<trkpt lat="43.11919825" lon="0.59265499">
				<ele>1316.9115</ele>
				<time>2023-10-22T12:53:24Z</time>
				<desc>Vitesse : 203 kmh
Altitude : 4321 ft
Latitude : 43.119198
Longitude : 0.592655
Cap : 248°
</desc>
			</trkpt>
			<trkpt lat="43.11715418" lon="0.58578233">
				<ele>1338.4260</ele>
				<time>2023-10-22T12:53:35Z</time>
				<desc>Vitesse : 200 kmh
Altitude : 4391 ft
Latitude : 43.117154
Longitude : 0.585782
Cap : 247°
</desc>
			</trkpt>
			<trkpt lat="43.11502283" lon="0.57896688">
				<ele>1358.0170</ele>
				<time>2023-10-22T12:53:46Z</time>
				<desc>Vitesse : 198 kmh
Altitude : 4455 ft
Latitude : 43.115023
Longitude : 0.578967
Cap : 246°
</desc>
			</trkpt>
			<trkpt lat="43.11277318" lon="0.57221194">
				<ele>1373.5978</ele>
				<time>2023-10-22T12:53:57Z</time>
				<desc>Vitesse : 202 kmh
Altitude : 4507 ft
Latitude : 43.112773
Longitude : 0.572212
Cap : 247°
</desc>
			</trkpt>
			<trkpt lat="43.11061272" lon="0.56517207">
				<ele>1383.4138</ele>
				<time>2023-10-22T12:54:08Z</time>
				<desc>Vitesse : 203 kmh
Altitude : 4539 ft
Latitude : 43.110613
Longitude : 0.565172
Cap : 246°
</desc>
			</trkpt>
			<trkpt lat="43.10832396" lon="0.55830306">
				<ele>1404.0220</ele>
				<time>2023-10-22T12:54:19Z</time>
				<desc>Vitesse : 203 kmh
Altitude : 4606 ft
Latitude : 43.108324
Longitude : 0.558303
Cap : 246°
</desc>
			</trkpt>
			<trkpt lat="43.10597978" lon="0.55164817">
				<ele>1430.7837</ele>
				<time>2023-10-22T12:54:30Z</time>
				<desc>Vitesse : 195 kmh
Altitude : 4694 ft
Latitude : 43.105980
Longitude : 0.551648
Cap : 245°
</desc>
			</trkpt>
			<trkpt lat="43.10350404" lon="0.54441945">
				<ele>1468.4122</ele>
				<time>2023-10-22T12:54:42Z</time>
				<desc>Vitesse : 194 kmh
Altitude : 4818 ft
Latitude : 43.103504
Longitude : 0.544419
Cap : 245°
</desc>
			</trkpt>
			<trkpt lat="43.10151332" lon="0.53863229">
				<ele>1514.4321</ele>
				<time>2023-10-22T12:54:52Z</time>
				<desc>Vitesse : 184 kmh
Altitude : 4969 ft
Latitude : 43.101513
Longitude : 0.538632
Cap : 245°
</desc>
			</trkpt>
			<trkpt lat="43.09925963" lon="0.53176390">
				<ele>1542.6709</ele>
				<time>2023-10-22T12:55:04Z</time>
				<desc>Vitesse : 182 kmh
Altitude : 5061 ft
Latitude : 43.099260
Longitude : 0.531764
Cap : 246°
</desc>
			</trkpt>
			<trkpt lat="43.09696051" lon="0.52499880">
				<ele>1563.9236</ele>
				<time>2023-10-22T12:55:16Z</time>
				<desc>Vitesse : 182 kmh
Altitude : 5131 ft
Latitude : 43.096961
Longitude : 0.524999
Cap : 243°
</desc>
			</trkpt>
			<trkpt lat="43.09453748" lon="0.51836228">
				<ele>1589.3311</ele>
				<time>2023-10-22T12:55:28Z</time>
				<desc>Vitesse : 185 kmh
Altitude : 5214 ft
Latitude : 43.094537
Longitude : 0.518362
Cap : 243°
</desc>
			</trkpt>
			<trkpt lat="43.09187569" lon="0.51141747">
				<ele>1599.5142</ele>
				<time>2023-10-22T12:55:40Z</time>
				<desc>Vitesse : 201 kmh
Altitude : 5248 ft
Latitude : 43.091876
Longitude : 0.511417
Cap : 242°
</desc>
			</trkpt>
			<trkpt lat="43.08918096" lon="0.50450445">
				<ele>1629.1890</ele>
				<time>2023-10-22T12:55:52Z</time>
				<desc>Vitesse : 188 kmh
Altitude : 5345 ft
Latitude : 43.089181
Longitude : 0.504504
Cap : 242°
</desc>
			</trkpt>
			<trkpt lat="43.08647218" lon="0.49780122">
				<ele>1648.4336</ele>
				<time>2023-10-22T12:56:04Z</time>
				<desc>Vitesse : 186 kmh
Altitude : 5408 ft
Latitude : 43.086472
Longitude : 0.497801
Cap : 242°
</desc>
			</trkpt>
			<trkpt lat="43.08389025" lon="0.49106581">
				<ele>1671.9111</ele>
				<time>2023-10-22T12:56:16Z</time>
				<desc>Vitesse : 185 kmh
Altitude : 5485 ft
Latitude : 43.083890
Longitude : 0.491066
Cap : 243°
</desc>
			</trkpt>
			<trkpt lat="43.08135724" lon="0.48436975">
				<ele>1700.8208</ele>
				<time>2023-10-22T12:56:28Z</time>
				<desc>Vitesse : 184 kmh
Altitude : 5580 ft
Latitude : 43.081357
Longitude : 0.484370
Cap : 244°
</desc>
			</trkpt>
			<trkpt lat="43.07892770" lon="0.47777245">
				<ele>1727.4819</ele>
				<time>2023-10-22T12:56:40Z</time>
				<desc>Vitesse : 182 kmh
Altitude : 5668 ft
Latitude : 43.078928
Longitude : 0.477772
Cap : 244°
</desc>
			</trkpt>
			<trkpt lat="43.07654949" lon="0.47091509">
				<ele>1743.7346</ele>
				<time>2023-10-22T12:56:52Z</time>
				<desc>Vitesse : 186 kmh
Altitude : 5721 ft
Latitude : 43.076549
Longitude : 0.470915
Cap : 246°
</desc>
			</trkpt>
			<trkpt lat="43.07438539" lon="0.46406794">
				<ele>1768.4346</ele>
				<time>2023-10-22T12:57:04Z</time>
				<desc>Vitesse : 181 kmh
Altitude : 5802 ft
Latitude : 43.074385
Longitude : 0.464068
Cap : 248°
</desc>
			</trkpt>
			<trkpt lat="43.07222312" lon="0.45682401">
				<ele>1804.4883</ele>
				<time>2023-10-22T12:57:17Z</time>
				<desc>Vitesse : 180 kmh
Altitude : 5920 ft
Latitude : 43.072223
Longitude : 0.456824
Cap : 248°
</desc>
			</trkpt>
			<trkpt lat="43.06997821" lon="0.44959989">
				<ele>1830.4924</ele>
				<time>2023-10-22T12:57:30Z</time>
				<desc>Vitesse : 171 kmh
Altitude : 6006 ft
Latitude : 43.069978
Longitude : 0.449600
Cap : 247°
</desc>
			</trkpt>
			<trkpt lat="43.06783010" lon="0.44246481">
				<ele>1874.6885</ele>
				<time>2023-10-22T12:57:44Z</time>
				<desc>Vitesse : 158 kmh
Altitude : 6151 ft
Latitude : 43.067830
Longitude : 0.442465
Cap : 246°
</desc>
			</trkpt>
			<trkpt lat="43.06547500" lon="0.43581474">
				<ele>1907.0640</ele>
				<time>2023-10-22T12:57:58Z</time>
				<desc>Vitesse : 156 kmh
Altitude : 6257 ft
Latitude : 43.065475
Longitude : 0.435815
Cap : 245°
</desc>
			</trkpt>
			<trkpt lat="43.06309749" lon="0.42909745">
				<ele>1930.0068</ele>
				<time>2023-10-22T12:58:12Z</time>
				<desc>Vitesse : 156 kmh
Altitude : 6332 ft
Latitude : 43.063097
Longitude : 0.429097
Cap : 244°
</desc>
			</trkpt>
			<trkpt lat="43.06051949" lon="0.42254918">
				<ele>1963.7520</ele>
				<time>2023-10-22T12:58:26Z</time>
				<desc>Vitesse : 158 kmh
Altitude : 6443 ft
Latitude : 43.060519
Longitude : 0.422549
Cap : 240°
</desc>
			</trkpt>
			<trkpt lat="43.05780494" lon="0.41584824">
				<ele>1990.6763</ele>
				<time>2023-10-22T12:58:40Z</time>
				<desc>Vitesse : 159 kmh
Altitude : 6531 ft
Latitude : 43.057805
Longitude : 0.415848
Cap : 241°
</desc>
			</trkpt>
			<trkpt lat="43.05530721" lon="0.40907039">
				<ele>2016.0020</ele>
				<time>2023-10-22T12:58:54Z</time>
				<desc>Vitesse : 165 kmh
Altitude : 6614 ft
Latitude : 43.055307
Longitude : 0.409070
Cap : 245°
</desc>
			</trkpt>
			<trkpt lat="43.05287495" lon="0.40206988">
				<ele>2037.5244</ele>
				<time>2023-10-22T12:59:08Z</time>
				<desc>Vitesse : 164 kmh
Altitude : 6685 ft
Latitude : 43.052875
Longitude : 0.402070
Cap : 245°
</desc>
			</trkpt>
			<trkpt lat="43.05049647" lon="0.39540626">
				<ele>2066.4390</ele>
				<time>2023-10-22T12:59:21Z</time>
				<desc>Vitesse : 171 kmh
Altitude : 6780 ft
Latitude : 43.050496
Longitude : 0.395406
Cap : 244°
</desc>
			</trkpt>
			<trkpt lat="43.04800125" lon="0.38861874">
				<ele>2088.2703</ele>
				<time>2023-10-22T12:59:34Z</time>
				<desc>Vitesse : 172 kmh
Altitude : 6851 ft
Latitude : 43.048001
Longitude : 0.388619
Cap : 244°
</desc>
			</trkpt>
			<trkpt lat="43.04544224" lon="0.38170966">
				<ele>2100.9026</ele>
				<time>2023-10-22T12:59:47Z</time>
				<desc>Vitesse : 177 kmh
Altitude : 6893 ft
Latitude : 43.045442
Longitude : 0.381710
Cap : 242°
</desc>
			</trkpt>
			<trkpt lat="43.04288459" lon="0.37507337">
				<ele>2109.2722</ele>
				<time>2023-10-22T12:59:59Z</time>
				<desc>Vitesse : 185 kmh
Altitude : 6920 ft
Latitude : 43.042885
Longitude : 0.375073
Cap : 243°
</desc>
			</trkpt>
			<trkpt lat="43.04021541" lon="0.36800930">
				<ele>2137.7710</ele>
				<time>2023-10-22T13:00:12Z</time>
				<desc>Vitesse : 179 kmh
Altitude : 7014 ft
Latitude : 43.040215
Longitude : 0.368009
Cap : 242°
</desc>
			</trkpt>
			<trkpt lat="43.03768865" lon="0.36093784">
				<ele>2168.0234</ele>
				<time>2023-10-22T13:00:25Z</time>
				<desc>Vitesse : 175 kmh
Altitude : 7113 ft
Latitude : 43.037689
Longitude : 0.360938
Cap : 244°
</desc>
			</trkpt>
			<trkpt lat="43.03509166" lon="0.35384747">
				<ele>2174.6389</ele>
				<time>2023-10-22T13:00:38Z</time>
				<desc>Vitesse : 181 kmh
Altitude : 7135 ft
Latitude : 43.035092
Longitude : 0.353847
Cap : 244°
</desc>
			</trkpt>
			<trkpt lat="43.03262160" lon="0.34722191">
				<ele>2184.2625</ele>
				<time>2023-10-22T13:00:50Z</time>
				<desc>Vitesse : 184 kmh
Altitude : 7166 ft
Latitude : 43.032622
Longitude : 0.347222
Cap : 242°
</desc>
			</trkpt>
			<trkpt lat="43.02992894" lon="0.34070754">
				<ele>2195.6770</ele>
				<time>2023-10-22T13:01:02Z</time>
				<desc>Vitesse : 184 kmh
Altitude : 7204 ft
Latitude : 43.029929
Longitude : 0.340708
Cap : 240°
</desc>
			</trkpt>
			<trkpt lat="43.02715515" lon="0.33426615">
				<ele>2215.1775</ele>
				<time>2023-10-22T13:01:14Z</time>
				<desc>Vitesse : 185 kmh
Altitude : 7268 ft
Latitude : 43.027155
Longitude : 0.334266
Cap : 240°
</desc>
			</trkpt>
			<trkpt lat="43.02438625" lon="0.32775571">
				<ele>2234.8335</ele>
				<time>2023-10-22T13:01:26Z</time>
				<desc>Vitesse : 185 kmh
Altitude : 7332 ft
Latitude : 43.024386
Longitude : 0.327756
Cap : 240°
</desc>
			</trkpt>
			<trkpt lat="43.02164226" lon="0.32124664">
				<ele>2252.6580</ele>
				<time>2023-10-22T13:01:38Z</time>
				<desc>Vitesse : 182 kmh
Altitude : 7391 ft
Latitude : 43.021642
Longitude : 0.321247
Cap : 239°
</desc>
			</trkpt>
			<trkpt lat="43.01888756" lon="0.31488661">
				<ele>2280.9294</ele>
				<time>2023-10-22T13:01:50Z</time>
				<desc>Vitesse : 183 kmh
Altitude : 7483 ft
Latitude : 43.018888
Longitude : 0.314887
Cap : 241°
</desc>
			</trkpt>
			<trkpt lat="43.01613763" lon="0.30799547">
				<ele>2303.5081</ele>
				<time>2023-10-22T13:02:03Z</time>
				<desc>Vitesse : 172 kmh
Altitude : 7557 ft
Latitude : 43.016138
Longitude : 0.307995
Cap : 240°
</desc>
			</trkpt>
			<trkpt lat="43.01327930" lon="0.30140972">
				<ele>2327.5059</ele>
				<time>2023-10-22T13:02:16Z</time>
				<desc>Vitesse : 175 kmh
Altitude : 7636 ft
Latitude : 43.013279
Longitude : 0.301410
Cap : 239°
</desc>
			</trkpt>
			<trkpt lat="43.01041270" lon="0.29474652">
				<ele>2351.8391</ele>
				<time>2023-10-22T13:02:29Z</time>
				<desc>Vitesse : 178 kmh
Altitude : 7716 ft
Latitude : 43.010413
Longitude : 0.294747
Cap : 240°
</desc>
			</trkpt>
			<trkpt lat="43.00751216" lon="0.28801385">
				<ele>2389.2939</ele>
				<time>2023-10-22T13:02:42Z</time>
				<desc>Vitesse : 174 kmh
Altitude : 7839 ft
Latitude : 43.007512
Longitude : 0.288014
Cap : 239°
</desc>
			</trkpt>
			<trkpt lat="43.00473456" lon="0.28144248">
				<ele>2422.5735</ele>
				<time>2023-10-22T13:02:55Z</time>
				<desc>Vitesse : 170 kmh
Altitude : 7948 ft
Latitude : 43.004735
Longitude : 0.281442
Cap : 240°
</desc>
			</trkpt>
			<trkpt lat="43.00197336" lon="0.27488146">
				<ele>2439.7278</ele>
				<time>2023-10-22T13:03:08Z</time>
				<desc>Vitesse : 171 kmh
Altitude : 8004 ft
Latitude : 43.001973
Longitude : 0.274881
Cap : 240°
</desc>
			</trkpt>
			<trkpt lat="42.99914124" lon="0.26816576">
				<ele>2449.6023</ele>
				<time>2023-10-22T13:03:21Z</time>
				<desc>Vitesse : 180 kmh
Altitude : 8037 ft
Latitude : 42.999141
Longitude : 0.268166
Cap : 240°
</desc>
			</trkpt>
			<trkpt lat="42.99622681" lon="0.26126472">
				<ele>2467.5874</ele>
				<time>2023-10-22T13:03:34Z</time>
				<desc>Vitesse : 181 kmh
Altitude : 8096 ft
Latitude : 42.996227
Longitude : 0.261265
Cap : 240°
</desc>
			</trkpt>
			<trkpt lat="42.99354141" lon="0.25483754">
				<ele>2486.0964</ele>
				<time>2023-10-22T13:03:46Z</time>
				<desc>Vitesse : 183 kmh
Altitude : 8156 ft
Latitude : 42.993541
Longitude : 0.254838
Cap : 239°
</desc>
			</trkpt>
			<trkpt lat="42.99082095" lon="0.24829482">
				<ele>2493.9324</ele>
				<time>2023-10-22T13:03:58Z</time>
				<desc>Vitesse : 187 kmh
Altitude : 8182 ft
Latitude : 42.990821
Longitude : 0.248295
Cap : 240°
</desc>
			</trkpt>
			<trkpt lat="42.98800828" lon="0.24171813">
				<ele>2512.4009</ele>
				<time>2023-10-22T13:04:10Z</time>
				<desc>Vitesse : 185 kmh
Altitude : 8243 ft
Latitude : 42.988008
Longitude : 0.241718
Cap : 239°
</desc>
			</trkpt>
			<trkpt lat="42.98504224" lon="0.23523209">
				<ele>2526.5586</ele>
				<time>2023-10-22T13:04:22Z</time>
				<desc>Vitesse : 188 kmh
Altitude : 8289 ft
Latitude : 42.985042
Longitude : 0.235232
Cap : 238°
</desc>
			</trkpt>
			<trkpt lat="42.98208268" lon="0.22868565">
				<ele>2540.1775</ele>
				<time>2023-10-22T13:04:34Z</time>
				<desc>Vitesse : 192 kmh
Altitude : 8334 ft
Latitude : 42.982083
Longitude : 0.228686
Cap : 238°
</desc>
			</trkpt>
			<trkpt lat="42.97902770" lon="0.22210795">
				<ele>2569.2280</ele>
				<time>2023-10-22T13:04:46Z</time>
				<desc>Vitesse : 184 kmh
Altitude : 8429 ft
Latitude : 42.979028
Longitude : 0.222108
Cap : 238°
</desc>
			</trkpt>
			<trkpt lat="42.97601025" lon="0.21562535">
				<ele>2571.7502</ele>
				<time>2023-10-22T13:04:58Z</time>
				<desc>Vitesse : 190 kmh
Altitude : 8438 ft
Latitude : 42.976010
Longitude : 0.215625
Cap : 239°
</desc>
			</trkpt>
			<trkpt lat="42.97322562" lon="0.20891550">
				<ele>2584.3035</ele>
				<time>2023-10-22T13:05:10Z</time>
				<desc>Vitesse : 186 kmh
Altitude : 8479 ft
Latitude : 42.973226
Longitude : 0.208916
Cap : 241°
</desc>
			</trkpt>
			<trkpt lat="42.97071482" lon="0.20238083">
				<ele>2614.7534</ele>
				<time>2023-10-22T13:05:22Z</time>
				<desc>Vitesse : 178 kmh
Altitude : 8579 ft
Latitude : 42.970715
Longitude : 0.202381
Cap : 244°
</desc>
			</trkpt>
			<trkpt lat="42.96826524" lon="0.19531064">
				<ele>2637.4707</ele>
				<time>2023-10-22T13:05:35Z</time>
				<desc>Vitesse : 175 kmh
Altitude : 8653 ft
Latitude : 42.968265
Longitude : 0.195311
Cap : 246°
</desc>
			</trkpt>
			<trkpt lat="42.96607103" lon="0.18803636">
				<ele>2665.4661</ele>
				<time>2023-10-22T13:05:48Z</time>
				<desc>Vitesse : 180 kmh
Altitude : 8745 ft
Latitude : 42.966071
Longitude : 0.188036
Cap : 249°
</desc>
			</trkpt>
			<trkpt lat="42.96399667" lon="0.18061842">
				<ele>2687.5061</ele>
				<time>2023-10-22T13:06:01Z</time>
				<desc>Vitesse : 181 kmh
Altitude : 8817 ft
Latitude : 42.963997
Longitude : 0.180618
Cap : 249°
</desc>
			</trkpt>
			<trkpt lat="42.96223587" lon="0.17344483">
				<ele>2699.6199</ele>
				<time>2023-10-22T13:06:13Z</time>
				<desc>Vitesse : 185 kmh
Altitude : 8857 ft
Latitude : 42.962236
Longitude : 0.173445
Cap : 252°
</desc>
			</trkpt>
			<trkpt lat="42.96038861" lon="0.16610272">
				<ele>2705.5967</ele>
				<time>2023-10-22T13:06:25Z</time>
				<desc>Vitesse : 193 kmh
Altitude : 8877 ft
Latitude : 42.960389
Longitude : 0.166103
Cap : 252°
</desc>
			</trkpt>
			<trkpt lat="42.95859087" lon="0.15851638">
				<ele>2708.5793</ele>
				<time>2023-10-22T13:06:37Z</time>
				<desc>Vitesse : 194 kmh
Altitude : 8886 ft
Latitude : 42.958591
Longitude : 0.158516
Cap : 252°
</desc>
			</trkpt>
			<trkpt lat="42.95694395" lon="0.15099357">
				<ele>2712.9827</ele>
				<time>2023-10-22T13:06:49Z</time>
				<desc>Vitesse : 198 kmh
Altitude : 8901 ft
Latitude : 42.956944
Longitude : 0.150994
Cap : 254°
</desc>
			</trkpt>
			<trkpt lat="42.95559862" lon="0.14369043">
				<ele>2712.3503</ele>
				<time>2023-10-22T13:07:00Z</time>
				<desc>Vitesse : 204 kmh
Altitude : 8899 ft
Latitude : 42.955599
Longitude : 0.143690
Cap : 259°
</desc>
			</trkpt>
			<trkpt lat="42.95507978" lon="0.13879212">
				<ele>2712.8640</ele>
				<time>2023-10-22T13:07:07Z</time>
				<desc>Vitesse : 210 kmh
Altitude : 8900 ft
Latitude : 42.955080
Longitude : 0.138792
Cap : 265°
</desc>
			</trkpt>
			<trkpt lat="42.95499490" lon="0.13385702">
				<ele>2715.6331</ele>
				<time>2023-10-22T13:07:14Z</time>
				<desc>Vitesse : 210 kmh
Altitude : 8910 ft
Latitude : 42.954995
Longitude : 0.133857
Cap : 271°
</desc>
			</trkpt>
			<trkpt lat="42.95520043" lon="0.12873489">
				<ele>2708.1445</ele>
				<time>2023-10-22T13:07:21Z</time>
				<desc>Vitesse : 220 kmh
Altitude : 8885 ft
Latitude : 42.955200
Longitude : 0.128735
Cap : 277°
</desc>
			</trkpt>
			<trkpt lat="42.95548022" lon="0.12649517">
				<ele>2707.9902</ele>
				<time>2023-10-22T13:07:24Z</time>
				<desc>Vitesse : 225 kmh
Altitude : 8884 ft
Latitude : 42.955480
Longitude : 0.126495
Cap : 283°
</desc>
			</trkpt>
			<trkpt lat="42.95595300" lon="0.12426053">
				<ele>2707.2559</ele>
				<time>2023-10-22T13:07:27Z</time>
				<desc>Vitesse : 231 kmh
Altitude : 8882 ft
Latitude : 42.955953
Longitude : 0.124261
Cap : 289°
</desc>
			</trkpt>
			<trkpt lat="42.95663857" lon="0.12208902">
				<ele>2708.0645</ele>
				<time>2023-10-22T13:07:30Z</time>
				<desc>Vitesse : 234 kmh
Altitude : 8885 ft
Latitude : 42.956639
Longitude : 0.122089
Cap : 295°
</desc>
			</trkpt>
			<trkpt lat="42.95728477" lon="0.12075286">
				<ele>2707.1165</ele>
				<time>2023-10-22T13:07:32Z</time>
				<desc>Vitesse : 233 kmh
Altitude : 8882 ft
Latitude : 42.957285
Longitude : 0.120753
Cap : 301°
</desc>
			</trkpt>
			<trkpt lat="42.95770286" lon="0.12014717">
				<ele>2708.2542</ele>
				<time>2023-10-22T13:07:33Z</time>
				<desc>Vitesse : 242 kmh
Altitude : 8885 ft
Latitude : 42.957703
Longitude : 0.120147
Cap : 311°
</desc>
			</trkpt>
			<trkpt lat="42.95901271" lon="0.11841993">
				<ele>2712.7090</ele>
				<time>2023-10-22T13:07:36Z</time>
				<desc>Vitesse : 245 kmh
Altitude : 8900 ft
Latitude : 42.959013
Longitude : 0.118420
Cap : 322°
</desc>
			</trkpt>
			<trkpt lat="42.96103455" lon="0.11659898">
				<ele>2720.2056</ele>
				<time>2023-10-22T13:07:40Z</time>
				<desc>Vitesse : 247 kmh
Altitude : 8925 ft
Latitude : 42.961035
Longitude : 0.116599
Cap : 331°
</desc>
			</trkpt>
			<trkpt lat="42.96321031" lon="0.11533471">
				<ele>2720.7000</ele>
				<time>2023-10-22T13:07:44Z</time>
				<desc>Vitesse : 236 kmh
Altitude : 8926 ft
Latitude : 42.963210
Longitude : 0.115335
Cap : 340°
</desc>
			</trkpt>
			<trkpt lat="42.96504859" lon="0.11494612">
				<ele>2727.3716</ele>
				<time>2023-10-22T13:07:47Z</time>
				<desc>Vitesse : 245 kmh
Altitude : 8948 ft
Latitude : 42.965049
Longitude : 0.114946
Cap : 352°
</desc>
			</trkpt>
			<trkpt lat="42.96627839" lon="0.11486925">
				<ele>2727.6968</ele>
				<time>2023-10-22T13:07:49Z</time>
				<desc>Vitesse : 250 kmh
Altitude : 8949 ft
Latitude : 42.966278
Longitude : 0.114869
Cap : 001°
</desc>
			</trkpt>
			<trkpt lat="42.96689475" lon="0.11483471">
				<ele>2727.3601</ele>
				<time>2023-10-22T13:07:50Z</time>
				<desc>Vitesse : 247 kmh
Altitude : 8948 ft
Latitude : 42.966895
Longitude : 0.114835
Cap : 359°
</desc>
			</trkpt>
			<trkpt lat="42.96751316" lon="0.11488022">
				<ele>2726.7388</ele>
				<time>2023-10-22T13:07:51Z</time>
				<desc>Vitesse : 249 kmh
Altitude : 8946 ft
Latitude : 42.967513
Longitude : 0.114880
Cap : 002°
</desc>
			</trkpt>
			<trkpt lat="42.96942698" lon="0.11537344">
				<ele>2723.1328</ele>
				<time>2023-10-22T13:07:54Z</time>
				<desc>Vitesse : 256 kmh
Altitude : 8934 ft
Latitude : 42.969427
Longitude : 0.115373
Cap : 012°
</desc>
			</trkpt>
			<trkpt lat="42.97127930" lon="0.11622842">
				<ele>2724.7769</ele>
				<time>2023-10-22T13:07:57Z</time>
				<desc>Vitesse : 266 kmh
Altitude : 8940 ft
Latitude : 42.971279
Longitude : 0.116228
Cap : 018°
</desc>
			</trkpt>
			<trkpt lat="42.97248609" lon="0.11712078">
				<ele>2725.0354</ele>
				<time>2023-10-22T13:07:59Z</time>
				<desc>Vitesse : 272 kmh
Altitude : 8940 ft
Latitude : 42.972486
Longitude : 0.117121
Cap : 024°
</desc>
			</trkpt>
			<trkpt lat="42.97297252" lon="0.11764554">
				<ele>2717.2200</ele>
				<time>2023-10-22T13:08:00Z</time>
				<desc>Vitesse : 258 kmh
Altitude : 8915 ft
Latitude : 42.972973
Longitude : 0.117646
Cap : 035°
</desc>
			</trkpt>
			<trkpt lat="42.97506531" lon="0.11978908">
				<ele>2703.3665</ele>
				<time>2023-10-22T13:08:04Z</time>
				<desc>Vitesse : 259 kmh
Altitude : 8869 ft
Latitude : 42.975065
Longitude : 0.119789
Cap : 042°
</desc>
			</trkpt>
			<trkpt lat="42.97689950" lon="0.12237950">
				<ele>2701.3992</ele>
				<time>2023-10-22T13:08:08Z</time>
				<desc>Vitesse : 264 kmh
Altitude : 8863 ft
Latitude : 42.976900
Longitude : 0.122380
Cap : 047°
</desc>
			</trkpt>
			<trkpt lat="42.97855182" lon="0.12525746">
				<ele>2689.0547</ele>
				<time>2023-10-22T13:08:12Z</time>
				<desc>Vitesse : 267 kmh
Altitude : 8822 ft
Latitude : 42.978552
Longitude : 0.125257
Cap : 053°
</desc>
			</trkpt>
			<trkpt lat="42.98212068" lon="0.13176778">
				<ele>2668.2529</ele>
				<time>2023-10-22T13:08:21Z</time>
				<desc>Vitesse : 263 kmh
Altitude : 8754 ft
Latitude : 42.982121
Longitude : 0.131768
Cap : 054°
</desc>
			</trkpt>
			<trkpt lat="42.98546079" lon="0.13837129">
				<ele>2634.4063</ele>
				<time>2023-10-22T13:08:30Z</time>
				<desc>Vitesse : 263 kmh
Altitude : 8643 ft
Latitude : 42.985461
Longitude : 0.138371
Cap : 056°
</desc>
			</trkpt>
			<trkpt lat="42.98885911" lon="0.14498191">
				<ele>2601.0310</ele>
				<time>2023-10-22T13:08:39Z</time>
				<desc>Vitesse : 263 kmh
Altitude : 8534 ft
Latitude : 42.988859
Longitude : 0.144982
Cap : 056°
</desc>
			</trkpt>
			<trkpt lat="42.99210989" lon="0.15156514">
				<ele>2590.7742</ele>
				<time>2023-10-22T13:08:48Z</time>
				<desc>Vitesse : 253 kmh
Altitude : 8500 ft
Latitude : 42.992110
Longitude : 0.151565
Cap : 056°
</desc>
			</trkpt>
			<trkpt lat="42.99516742" lon="0.15801765">
				<ele>2576.9338</ele>
				<time>2023-10-22T13:08:57Z</time>
				<desc>Vitesse : 251 kmh
Altitude : 8455 ft
Latitude : 42.995167
Longitude : 0.158018
Cap : 056°
</desc>
			</trkpt>
			<trkpt lat="42.99820389" lon="0.16431771">
				<ele>2552.2195</ele>
				<time>2023-10-22T13:09:06Z</time>
				<desc>Vitesse : 247 kmh
Altitude : 8373 ft
Latitude : 42.998204
Longitude : 0.164318
Cap : 057°
</desc>
			</trkpt>
			<trkpt lat="43.00117698" lon="0.17078078">
				<ele>2538.1777</ele>
				<time>2023-10-22T13:09:15Z</time>
				<desc>Vitesse : 248 kmh
Altitude : 8327 ft
Latitude : 43.001177
Longitude : 0.170781
Cap : 058°
</desc>
			</trkpt>
			<trkpt lat="43.00417637" lon="0.17720976">
				<ele>2524.4546</ele>
				<time>2023-10-22T13:09:24Z</time>
				<desc>Vitesse : 247 kmh
Altitude : 8282 ft
Latitude : 43.004176
Longitude : 0.177210
Cap : 058°
</desc>
			</trkpt>
			<trkpt lat="43.00721372" lon="0.18356793">
				<ele>2515.1726</ele>
				<time>2023-10-22T13:09:33Z</time>
				<desc>Vitesse : 247 kmh
Altitude : 8252 ft
Latitude : 43.007214
Longitude : 0.183568
Cap : 057°
</desc>
			</trkpt>
			<trkpt lat="43.01033075" lon="0.18974317">
				<ele>2490.6462</ele>
				<time>2023-10-22T13:09:42Z</time>
				<desc>Vitesse : 243 kmh
Altitude : 8171 ft
Latitude : 43.010331
Longitude : 0.189743
Cap : 056°
</desc>
			</trkpt>
			<trkpt lat="43.01352631" lon="0.19600090">
				<ele>2461.1487</ele>
				<time>2023-10-22T13:09:51Z</time>
				<desc>Vitesse : 248 kmh
Altitude : 8075 ft
Latitude : 43.013526
Longitude : 0.196001
Cap : 055°
</desc>
			</trkpt>
			<trkpt lat="43.01667860" lon="0.20214558">
				<ele>2442.4104</ele>
				<time>2023-10-22T13:10:00Z</time>
				<desc>Vitesse : 244 kmh
Altitude : 8013 ft
Latitude : 43.016679
Longitude : 0.202146
Cap : 055°
</desc>
			</trkpt>
			<trkpt lat="43.01977032" lon="0.20831280">
				<ele>2414.0364</ele>
				<time>2023-10-22T13:10:09Z</time>
				<desc>Vitesse : 243 kmh
Altitude : 7920 ft
Latitude : 43.019770
Longitude : 0.208313
Cap : 057°
</desc>
			</trkpt>
			<trkpt lat="43.02281860" lon="0.21529406">
				<ele>2403.9321</ele>
				<time>2023-10-22T13:10:19Z</time>
				<desc>Vitesse : 239 kmh
Altitude : 7887 ft
Latitude : 43.022819
Longitude : 0.215294
Cap : 059°
</desc>
			</trkpt>
			<trkpt lat="43.02567750" lon="0.22161614">
				<ele>2384.2212</ele>
				<time>2023-10-22T13:10:28Z</time>
				<desc>Vitesse : 242 kmh
Altitude : 7822 ft
Latitude : 43.025678
Longitude : 0.221616
Cap : 057°
</desc>
			</trkpt>
			<trkpt lat="43.02874175" lon="0.22785157">
				<ele>2363.3330</ele>
				<time>2023-10-22T13:10:37Z</time>
				<desc>Vitesse : 250 kmh
Altitude : 7754 ft
Latitude : 43.028742
Longitude : 0.227852
Cap : 056°
</desc>
			</trkpt>
			<trkpt lat="43.03183146" lon="0.23422276">
				<ele>2337.8657</ele>
				<time>2023-10-22T13:10:46Z</time>
				<desc>Vitesse : 247 kmh
Altitude : 7670 ft
Latitude : 43.031831
Longitude : 0.234223
Cap : 056°
</desc>
			</trkpt>
			<trkpt lat="43.03489891" lon="0.24048757">
				<ele>2324.4441</ele>
				<time>2023-10-22T13:10:55Z</time>
				<desc>Vitesse : 245 kmh
Altitude : 7626 ft
Latitude : 43.034899
Longitude : 0.240488
Cap : 056°
</desc>
			</trkpt>
			<trkpt lat="43.03797593" lon="0.24666918">
				<ele>2308.0562</ele>
				<time>2023-10-22T13:11:04Z</time>
				<desc>Vitesse : 245 kmh
Altitude : 7572 ft
Latitude : 43.037976
Longitude : 0.246669
Cap : 056°
</desc>
			</trkpt>
			<trkpt lat="43.04112440" lon="0.25282093">
				<ele>2287.9148</ele>
				<time>2023-10-22T13:11:13Z</time>
				<desc>Vitesse : 245 kmh
Altitude : 7506 ft
Latitude : 43.041124
Longitude : 0.252821
Cap : 054°
</desc>
			</trkpt>
			<trkpt lat="43.04441493" lon="0.25899151">
				<ele>2260.3916</ele>
				<time>2023-10-22T13:11:22Z</time>
				<desc>Vitesse : 250 kmh
Altitude : 7416 ft
Latitude : 43.044415
Longitude : 0.258992
Cap : 054°
</desc>
			</trkpt>
			<trkpt lat="43.04768241" lon="0.26521266">
				<ele>2238.3096</ele>
				<time>2023-10-22T13:11:31Z</time>
				<desc>Vitesse : 249 kmh
Altitude : 7344 ft
Latitude : 43.047682
Longitude : 0.265213
Cap : 054°
</desc>
			</trkpt>
			<trkpt lat="43.05099013" lon="0.27136124">
				<ele>2222.8127</ele>
				<time>2023-10-22T13:11:40Z</time>
				<desc>Vitesse : 245 kmh
Altitude : 7293 ft
Latitude : 43.050990
Longitude : 0.271361
Cap : 054°
</desc>
			</trkpt>
			<trkpt lat="43.05413449" lon="0.27742051">
				<ele>2212.4829</ele>
				<time>2023-10-22T13:11:49Z</time>
				<desc>Vitesse : 245 kmh
Altitude : 7259 ft
Latitude : 43.054134
Longitude : 0.277421
Cap : 055°
</desc>
			</trkpt>
			<trkpt lat="43.05722306" lon="0.28353077">
				<ele>2197.9841</ele>
				<time>2023-10-22T13:11:58Z</time>
				<desc>Vitesse : 247 kmh
Altitude : 7211 ft
Latitude : 43.057223
Longitude : 0.283531
Cap : 055°
</desc>
			</trkpt>
			<trkpt lat="43.06054050" lon="0.28983365">
				<ele>2169.9324</ele>
				<time>2023-10-22T13:12:07Z</time>
				<desc>Vitesse : 244 kmh
Altitude : 7119 ft
Latitude : 43.060541
Longitude : 0.289834
Cap : 055°
</desc>
			</trkpt>
			<trkpt lat="43.06395310" lon="0.29651346">
				<ele>2159.2993</ele>
				<time>2023-10-22T13:12:17Z</time>
				<desc>Vitesse : 234 kmh
Altitude : 7084 ft
Latitude : 43.063953
Longitude : 0.296513
Cap : 055°
</desc>
			</trkpt>
			<trkpt lat="43.06734127" lon="0.30313699">
				<ele>2141.2920</ele>
				<time>2023-10-22T13:12:27Z</time>
				<desc>Vitesse : 234 kmh
Altitude : 7025 ft
Latitude : 43.067341
Longitude : 0.303137
Cap : 055°
</desc>
			</trkpt>
			<trkpt lat="43.07070196" lon="0.30943048">
				<ele>2109.0327</ele>
				<time>2023-10-22T13:12:36Z</time>
				<desc>Vitesse : 243 kmh
Altitude : 6919 ft
Latitude : 43.070702
Longitude : 0.309430
Cap : 053°
</desc>
			</trkpt>
			<trkpt lat="43.07425482" lon="0.31592989">
				<ele>2088.3962</ele>
				<time>2023-10-22T13:12:46Z</time>
				<desc>Vitesse : 241 kmh
Altitude : 6852 ft
Latitude : 43.074255
Longitude : 0.315930
Cap : 053°
</desc>
			</trkpt>
			<trkpt lat="43.07762788" lon="0.32205830">
				<ele>2060.7031</ele>
				<time>2023-10-22T13:12:55Z</time>
				<desc>Vitesse : 245 kmh
Altitude : 6761 ft
Latitude : 43.077628
Longitude : 0.322058
Cap : 054°
</desc>
			</trkpt>
			<trkpt lat="43.08114512" lon="0.32855031">
				<ele>2049.9783</ele>
				<time>2023-10-22T13:13:05Z</time>
				<desc>Vitesse : 230 kmh
Altitude : 6726 ft
Latitude : 43.081145
Longitude : 0.328550
Cap : 054°
</desc>
			</trkpt>
			<trkpt lat="43.08444496" lon="0.33447866">
				<ele>2026.9673</ele>
				<time>2023-10-22T13:13:14Z</time>
				<desc>Vitesse : 235 kmh
Altitude : 6650 ft
Latitude : 43.084445
Longitude : 0.334479
Cap : 052°
</desc>
			</trkpt>
			<trkpt lat="43.08821893" lon="0.34097060">
				<ele>1996.6858</ele>
				<time>2023-10-22T13:13:24Z</time>
				<desc>Vitesse : 244 kmh
Altitude : 6551 ft
Latitude : 43.088219
Longitude : 0.340971
Cap : 052°
</desc>
			</trkpt>
			<trkpt lat="43.09168823" lon="0.34680483">
				<ele>1960.5640</ele>
				<time>2023-10-22T13:13:33Z</time>
				<desc>Vitesse : 242 kmh
Altitude : 6432 ft
Latitude : 43.091688
Longitude : 0.346805
Cap : 051°
</desc>
			</trkpt>
			<trkpt lat="43.09529418" lon="0.35319861">
				<ele>1940.9641</ele>
				<time>2023-10-22T13:13:43Z</time>
				<desc>Vitesse : 242 kmh
Altitude : 6368 ft
Latitude : 43.095294
Longitude : 0.353199
Cap : 053°
</desc>
			</trkpt>
			<trkpt lat="43.09871207" lon="0.35935800">
				<ele>1903.6704</ele>
				<time>2023-10-22T13:13:52Z</time>
				<desc>Vitesse : 245 kmh
Altitude : 6246 ft
Latitude : 43.098712
Longitude : 0.359358
Cap : 053°
</desc>
			</trkpt>
			<trkpt lat="43.10207009" lon="0.36545256">
				<ele>1875.2234</ele>
				<time>2023-10-22T13:14:01Z</time>
				<desc>Vitesse : 249 kmh
Altitude : 6152 ft
Latitude : 43.102070
Longitude : 0.365453
Cap : 053°
</desc>
			</trkpt>
			<trkpt lat="43.10548346" lon="0.37170195">
				<ele>1833.6724</ele>
				<time>2023-10-22T13:14:10Z</time>
				<desc>Vitesse : 252 kmh
Altitude : 6016 ft
Latitude : 43.105483
Longitude : 0.371702
Cap : 054°
</desc>
			</trkpt>
			<trkpt lat="43.10889528" lon="0.37794122">
				<ele>1799.1094</ele>
				<time>2023-10-22T13:14:19Z</time>
				<desc>Vitesse : 253 kmh
Altitude : 5903 ft
Latitude : 43.108895
Longitude : 0.377941
Cap : 054°
</desc>
			</trkpt>
			<trkpt lat="43.11238840" lon="0.38424921">
				<ele>1786.1208</ele>
				<time>2023-10-22T13:14:28Z</time>
				<desc>Vitesse : 254 kmh
Altitude : 5860 ft
Latitude : 43.112388
Longitude : 0.384249
Cap : 053°
</desc>
			</trkpt>
			<trkpt lat="43.11584436" lon="0.39038545">
				<ele>1772.6670</ele>
				<time>2023-10-22T13:14:37Z</time>
				<desc>Vitesse : 251 kmh
Altitude : 5816 ft
Latitude : 43.115844
Longitude : 0.390385
Cap : 052°
</desc>
			</trkpt>
			<trkpt lat="43.11930596" lon="0.39650965">
				<ele>1745.5103</ele>
				<time>2023-10-22T13:14:46Z</time>
				<desc>Vitesse : 253 kmh
Altitude : 5727 ft
Latitude : 43.119306
Longitude : 0.396510
Cap : 053°
</desc>
			</trkpt>
			<trkpt lat="43.12277373" lon="0.40255680">
				<ele>1726.6997</ele>
				<time>2023-10-22T13:14:55Z</time>
				<desc>Vitesse : 248 kmh
Altitude : 5665 ft
Latitude : 43.122774
Longitude : 0.402557
Cap : 052°
</desc>
			</trkpt>
			<trkpt lat="43.12637781" lon="0.40866313">
				<ele>1695.1953</ele>
				<time>2023-10-22T13:15:04Z</time>
				<desc>Vitesse : 251 kmh
Altitude : 5562 ft
Latitude : 43.126378
Longitude : 0.408663
Cap : 051°
</desc>
			</trkpt>
			<trkpt lat="43.12992087" lon="0.41470095">
				<ele>1670.8257</ele>
				<time>2023-10-22T13:15:13Z</time>
				<desc>Vitesse : 254 kmh
Altitude : 5482 ft
Latitude : 43.129921
Longitude : 0.414701
Cap : 052°
</desc>
			</trkpt>
			<trkpt lat="43.13331714" lon="0.42066524">
				<ele>1656.0044</ele>
				<time>2023-10-22T13:15:22Z</time>
				<desc>Vitesse : 242 kmh
Altitude : 5433 ft
Latitude : 43.133317
Longitude : 0.420665
Cap : 052°
</desc>
			</trkpt>
			<trkpt lat="43.13706633" lon="0.42699924">
				<ele>1618.9326</ele>
				<time>2023-10-22T13:15:31Z</time>
				<desc>Vitesse : 258 kmh
Altitude : 5311 ft
Latitude : 43.137066
Longitude : 0.426999
Cap : 051°
</desc>
			</trkpt>
			<trkpt lat="43.14061433" lon="0.43286509">
				<ele>1603.0903</ele>
				<time>2023-10-22T13:15:40Z</time>
				<desc>Vitesse : 242 kmh
Altitude : 5259 ft
Latitude : 43.140614
Longitude : 0.432865
Cap : 050°
</desc>
			</trkpt>
			<trkpt lat="43.14413668" lon="0.43859739">
				<ele>1585.6682</ele>
				<time>2023-10-22T13:15:49Z</time>
				<desc>Vitesse : 245 kmh
Altitude : 5202 ft
Latitude : 43.144137
Longitude : 0.438597
Cap : 050°
</desc>
			</trkpt>
			<trkpt lat="43.14783520" lon="0.44467638">
				<ele>1557.5850</ele>
				<time>2023-10-22T13:15:58Z</time>
				<desc>Vitesse : 253 kmh
Altitude : 5110 ft
Latitude : 43.147835
Longitude : 0.444676
Cap : 051°
</desc>
			</trkpt>
			<trkpt lat="43.15129819" lon="0.45077947">
				<ele>1538.5679</ele>
				<time>2023-10-22T13:16:07Z</time>
				<desc>Vitesse : 243 kmh
Altitude : 5048 ft
Latitude : 43.151298
Longitude : 0.450779
Cap : 053°
</desc>
			</trkpt>
			<trkpt lat="43.15463468" lon="0.45673228">
				<ele>1514.6177</ele>
				<time>2023-10-22T13:16:16Z</time>
				<desc>Vitesse : 234 kmh
Altitude : 4969 ft
Latitude : 43.154635
Longitude : 0.456732
Cap : 053°
</desc>
			</trkpt>
			<trkpt lat="43.15811265" lon="0.46271005">
				<ele>1492.5994</ele>
				<time>2023-10-22T13:16:25Z</time>
				<desc>Vitesse : 244 kmh
Altitude : 4897 ft
Latitude : 43.158113
Longitude : 0.462710
Cap : 051°
</desc>
			</trkpt>
			<trkpt lat="43.16153863" lon="0.46876614">
				<ele>1474.7020</ele>
				<time>2023-10-22T13:16:34Z</time>
				<desc>Vitesse : 247 kmh
Altitude : 4838 ft
Latitude : 43.161539
Longitude : 0.468766
Cap : 053°
</desc>
			</trkpt>
			<trkpt lat="43.16486565" lon="0.47469887">
				<ele>1459.1351</ele>
				<time>2023-10-22T13:16:43Z</time>
				<desc>Vitesse : 242 kmh
Altitude : 4787 ft
Latitude : 43.164866
Longitude : 0.474699
Cap : 053°
</desc>
			</trkpt>
			<trkpt lat="43.16809339" lon="0.48072344">
				<ele>1442.4906</ele>
				<time>2023-10-22T13:16:52Z</time>
				<desc>Vitesse : 239 kmh
Altitude : 4733 ft
Latitude : 43.168093
Longitude : 0.480723
Cap : 054°
</desc>
			</trkpt>
			<trkpt lat="43.17136096" lon="0.48692909">
				<ele>1400.4072</ele>
				<time>2023-10-22T13:17:01Z</time>
				<desc>Vitesse : 243 kmh
Altitude : 4595 ft
Latitude : 43.171361
Longitude : 0.486929
Cap : 055°
</desc>
			</trkpt>
			<trkpt lat="43.17477465" lon="0.49355869">
				<ele>1380.6284</ele>
				<time>2023-10-22T13:17:11Z</time>
				<desc>Vitesse : 234 kmh
Altitude : 4530 ft
Latitude : 43.174775
Longitude : 0.493559
Cap : 054°
</desc>
			</trkpt>
			<trkpt lat="43.17832652" lon="0.49992992">
				<ele>1357.5334</ele>
				<time>2023-10-22T13:17:21Z</time>
				<desc>Vitesse : 234 kmh
Altitude : 4454 ft
Latitude : 43.178327
Longitude : 0.499930
Cap : 051°
</desc>
			</trkpt>
			<trkpt lat="43.18205298" lon="0.50611025">
				<ele>1338.5546</ele>
				<time>2023-10-22T13:17:31Z</time>
				<desc>Vitesse : 233 kmh
Altitude : 4392 ft
Latitude : 43.182053
Longitude : 0.506110
Cap : 050°
</desc>
			</trkpt>
			<trkpt lat="43.18595576" lon="0.51205226">
				<ele>1322.9503</ele>
				<time>2023-10-22T13:17:41Z</time>
				<desc>Vitesse : 230 kmh
Altitude : 4340 ft
Latitude : 43.185956
Longitude : 0.512052
Cap : 047°
</desc>
			</trkpt>
			<trkpt lat="43.18982716" lon="0.51771656">
				<ele>1310.5146</ele>
				<time>2023-10-22T13:17:51Z</time>
				<desc>Vitesse : 228 kmh
Altitude : 4300 ft
Latitude : 43.189827
Longitude : 0.517717
Cap : 046°
</desc>
			</trkpt>
			<trkpt lat="43.19392524" lon="0.52337412">
				<ele>1291.7627</ele>
				<time>2023-10-22T13:18:01Z</time>
				<desc>Vitesse : 231 kmh
Altitude : 4238 ft
Latitude : 43.193925
Longitude : 0.523374
Cap : 045°
</desc>
			</trkpt>
			<trkpt lat="43.19686263" lon="0.52705632">
				<ele>1284.7234</ele>
				<time>2023-10-22T13:18:08Z</time>
				<desc>Vitesse : 227 kmh
Altitude : 4215 ft
Latitude : 43.196863
Longitude : 0.527056
Cap : 039°
</desc>
			</trkpt>
			<trkpt lat="43.20127386" lon="0.53184514">
				<ele>1280.8976</ele>
				<time>2023-10-22T13:18:18Z</time>
				<desc>Vitesse : 227 kmh
Altitude : 4202 ft
Latitude : 43.201274
Longitude : 0.531845
Cap : 038°
</desc>
			</trkpt>
			<trkpt lat="43.20538806" lon="0.53588719">
				<ele>1281.7739</ele>
				<time>2023-10-22T13:18:27Z</time>
				<desc>Vitesse : 227 kmh
Altitude : 4205 ft
Latitude : 43.205388
Longitude : 0.535887
Cap : 032°
</desc>
			</trkpt>
			<trkpt lat="43.21000002" lon="0.54025656">
				<ele>1283.8345</ele>
				<time>2023-10-22T13:18:37Z</time>
				<desc>Vitesse : 225 kmh
Altitude : 4212 ft
Latitude : 43.210000
Longitude : 0.540257
Cap : 038°
</desc>
			</trkpt>
			<trkpt lat="43.21427655" lon="0.54514992">
				<ele>1285.2720</ele>
				<time>2023-10-22T13:18:47Z</time>
				<desc>Vitesse : 226 kmh
Altitude : 4217 ft
Latitude : 43.214277
Longitude : 0.545150
Cap : 042°
</desc>
			</trkpt>
			<trkpt lat="43.21836331" lon="0.55048544">
				<ele>1288.2025</ele>
				<time>2023-10-22T13:18:57Z</time>
				<desc>Vitesse : 224 kmh
Altitude : 4226 ft
Latitude : 43.218363
Longitude : 0.550485
Cap : 044°
</desc>
			</trkpt>
			<trkpt lat="43.22238413" lon="0.55579228">
				<ele>1291.7457</ele>
				<time>2023-10-22T13:19:07Z</time>
				<desc>Vitesse : 222 kmh
Altitude : 4238 ft
Latitude : 43.222384
Longitude : 0.555792
Cap : 044°
</desc>
			</trkpt>
			<trkpt lat="43.22651410" lon="0.56096702">
				<ele>1292.5397</ele>
				<time>2023-10-22T13:19:17Z</time>
				<desc>Vitesse : 221 kmh
Altitude : 4241 ft
Latitude : 43.226514
Longitude : 0.560967
Cap : 042°
</desc>
			</trkpt>
			<trkpt lat="43.23063778" lon="0.56594190">
				<ele>1296.9978</ele>
				<time>2023-10-22T13:19:27Z</time>
				<desc>Vitesse : 223 kmh
Altitude : 4255 ft
Latitude : 43.230638
Longitude : 0.565942
Cap : 041°
</desc>
			</trkpt>
			<trkpt lat="43.23482101" lon="0.57085567">
				<ele>1298.3046</ele>
				<time>2023-10-22T13:19:37Z</time>
				<desc>Vitesse : 221 kmh
Altitude : 4260 ft
Latitude : 43.234821
Longitude : 0.570856
Cap : 040°
</desc>
			</trkpt>
			<trkpt lat="43.23901442" lon="0.57575772">
				<ele>1297.6095</ele>
				<time>2023-10-22T13:19:47Z</time>
				<desc>Vitesse : 220 kmh
Altitude : 4257 ft
Latitude : 43.239014
Longitude : 0.575758
Cap : 041°
</desc>
			</trkpt>
			<trkpt lat="43.24313913" lon="0.58067875">
				<ele>1292.5608</ele>
				<time>2023-10-22T13:19:57Z</time>
				<desc>Vitesse : 220 kmh
Altitude : 4241 ft
Latitude : 43.243139
Longitude : 0.580679
Cap : 041°
</desc>
			</trkpt>
			<trkpt lat="43.24727577" lon="0.58572388">
				<ele>1297.4092</ele>
				<time>2023-10-22T13:20:07Z</time>
				<desc>Vitesse : 221 kmh
Altitude : 4257 ft
Latitude : 43.247276
Longitude : 0.585724
Cap : 042°
</desc>
			</trkpt>
			<trkpt lat="43.25133537" lon="0.59081062">
				<ele>1299.3219</ele>
				<time>2023-10-22T13:20:17Z</time>
				<desc>Vitesse : 222 kmh
Altitude : 4263 ft
Latitude : 43.251335
Longitude : 0.590811
Cap : 042°
</desc>
			</trkpt>
			<trkpt lat="43.25545972" lon="0.59596270">
				<ele>1301.8553</ele>
				<time>2023-10-22T13:20:27Z</time>
				<desc>Vitesse : 224 kmh
Altitude : 4271 ft
Latitude : 43.255460
Longitude : 0.595963
Cap : 042°
</desc>
			</trkpt>
			<trkpt lat="43.25963575" lon="0.60108222">
				<ele>1301.6243</ele>
				<time>2023-10-22T13:20:37Z</time>
				<desc>Vitesse : 224 kmh
Altitude : 4270 ft
Latitude : 43.259636
Longitude : 0.601082
Cap : 042°
</desc>
			</trkpt>
			<trkpt lat="43.26386129" lon="0.60610796">
				<ele>1306.2802</ele>
				<time>2023-10-22T13:20:47Z</time>
				<desc>Vitesse : 222 kmh
Altitude : 4286 ft
Latitude : 43.263861
Longitude : 0.606108
Cap : 040°
</desc>
			</trkpt>
			<trkpt lat="43.26816407" lon="0.61101067">
				<ele>1305.1943</ele>
				<time>2023-10-22T13:20:57Z</time>
				<desc>Vitesse : 223 kmh
Altitude : 4282 ft
Latitude : 43.268164
Longitude : 0.611011
Cap : 040°
</desc>
			</trkpt>
			<trkpt lat="43.27246811" lon="0.61581391">
				<ele>1301.8196</ele>
				<time>2023-10-22T13:21:07Z</time>
				<desc>Vitesse : 223 kmh
Altitude : 4271 ft
Latitude : 43.272468
Longitude : 0.615814
Cap : 039°
</desc>
			</trkpt>
			<trkpt lat="43.27681256" lon="0.62057355">
				<ele>1305.0466</ele>
				<time>2023-10-22T13:21:17Z</time>
				<desc>Vitesse : 224 kmh
Altitude : 4282 ft
Latitude : 43.276813
Longitude : 0.620574
Cap : 039°
</desc>
			</trkpt>
			<trkpt lat="43.28121631" lon="0.62545058">
				<ele>1301.1798</ele>
				<time>2023-10-22T13:21:27Z</time>
				<desc>Vitesse : 230 kmh
Altitude : 4269 ft
Latitude : 43.281216
Longitude : 0.625451
Cap : 039°
</desc>
			</trkpt>
			<trkpt lat="43.28565927" lon="0.63045517">
				<ele>1304.3256</ele>
				<time>2023-10-22T13:21:37Z</time>
				<desc>Vitesse : 230 kmh
Altitude : 4279 ft
Latitude : 43.285659
Longitude : 0.630455
Cap : 040°
</desc>
			</trkpt>
			<trkpt lat="43.29008889" lon="0.63549997">
				<ele>1306.1563</ele>
				<time>2023-10-22T13:21:47Z</time>
				<desc>Vitesse : 232 kmh
Altitude : 4285 ft
Latitude : 43.290089
Longitude : 0.635500
Cap : 040°
</desc>
			</trkpt>
			<trkpt lat="43.29449426" lon="0.64060964">
				<ele>1308.1006</ele>
				<time>2023-10-22T13:21:57Z</time>
				<desc>Vitesse : 231 kmh
Altitude : 4292 ft
Latitude : 43.294494
Longitude : 0.640610
Cap : 040°
</desc>
			</trkpt>
			<trkpt lat="43.29889473" lon="0.64566413">
				<ele>1313.5073</ele>
				<time>2023-10-22T13:22:07Z</time>
				<desc>Vitesse : 228 kmh
Altitude : 4309 ft
Latitude : 43.298895
Longitude : 0.645664
Cap : 040°
</desc>
			</trkpt>
			<trkpt lat="43.30324635" lon="0.65066273">
				<ele>1316.7504</ele>
				<time>2023-10-22T13:22:17Z</time>
				<desc>Vitesse : 228 kmh
Altitude : 4320 ft
Latitude : 43.303246
Longitude : 0.650663
Cap : 040°
</desc>
			</trkpt>
			<trkpt lat="43.30768107" lon="0.65564565">
				<ele>1319.6827</ele>
				<time>2023-10-22T13:22:27Z</time>
				<desc>Vitesse : 229 kmh
Altitude : 4330 ft
Latitude : 43.307681
Longitude : 0.655646
Cap : 040°
</desc>
			</trkpt>
			<trkpt lat="43.31207720" lon="0.66067045">
				<ele>1317.5576</ele>
				<time>2023-10-22T13:22:37Z</time>
				<desc>Vitesse : 229 kmh
Altitude : 4323 ft
Latitude : 43.312077
Longitude : 0.660670
Cap : 040°
</desc>
			</trkpt>
			<trkpt lat="43.31647112" lon="0.66569648">
				<ele>1314.4650</ele>
				<time>2023-10-22T13:22:47Z</time>
				<desc>Vitesse : 229 kmh
Altitude : 4313 ft
Latitude : 43.316471
Longitude : 0.665696
Cap : 039°
</desc>
			</trkpt>
			<trkpt lat="43.32090464" lon="0.67054460">
				<ele>1316.7959</ele>
				<time>2023-10-22T13:22:57Z</time>
				<desc>Vitesse : 226 kmh
Altitude : 4320 ft
Latitude : 43.320905
Longitude : 0.670545
Cap : 038°
</desc>
			</trkpt>
			<trkpt lat="43.32533284" lon="0.67535265">
				<ele>1316.4932</ele>
				<time>2023-10-22T13:23:07Z</time>
				<desc>Vitesse : 229 kmh
Altitude : 4319 ft
Latitude : 43.325333
Longitude : 0.675353
Cap : 038°
</desc>
			</trkpt>
			<trkpt lat="43.32976327" lon="0.68019828">
				<ele>1324.7073</ele>
				<time>2023-10-22T13:23:17Z</time>
				<desc>Vitesse : 225 kmh
Altitude : 4346 ft
Latitude : 43.329763
Longitude : 0.680198
Cap : 039°
</desc>
			</trkpt>
			<trkpt lat="43.33413227" lon="0.68517761">
				<ele>1318.3835</ele>
				<time>2023-10-22T13:23:27Z</time>
				<desc>Vitesse : 231 kmh
Altitude : 4325 ft
Latitude : 43.334132
Longitude : 0.685178
Cap : 040°
</desc>
			</trkpt>
			<trkpt lat="43.33852583" lon="0.69037705">
				<ele>1307.4276</ele>
				<time>2023-10-22T13:23:37Z</time>
				<desc>Vitesse : 234 kmh
Altitude : 4289 ft
Latitude : 43.338526
Longitude : 0.690377
Cap : 041°
</desc>
			</trkpt>
			<trkpt lat="43.34306809" lon="0.69562351">
				<ele>1297.8130</ele>
				<time>2023-10-22T13:23:47Z</time>
				<desc>Vitesse : 240 kmh
Altitude : 4258 ft
Latitude : 43.343068
Longitude : 0.695624
Cap : 040°
</desc>
			</trkpt>
			<trkpt lat="43.34724887" lon="0.70040192">
				<ele>1287.0619</ele>
				<time>2023-10-22T13:23:56Z</time>
				<desc>Vitesse : 244 kmh
Altitude : 4223 ft
Latitude : 43.347249
Longitude : 0.700402
Cap : 039°
</desc>
			</trkpt>
			<trkpt lat="43.35157292" lon="0.70508819">
				<ele>1272.8578</ele>
				<time>2023-10-22T13:24:05Z</time>
				<desc>Vitesse : 245 kmh
Altitude : 4176 ft
Latitude : 43.351573
Longitude : 0.705088
Cap : 038°
</desc>
			</trkpt>
			<trkpt lat="43.35593808" lon="0.70977745">
				<ele>1262.2366</ele>
				<time>2023-10-22T13:24:14Z</time>
				<desc>Vitesse : 247 kmh
Altitude : 4141 ft
Latitude : 43.355938
Longitude : 0.709777
Cap : 038°
</desc>
			</trkpt>
			<trkpt lat="43.36024648" lon="0.71452150">
				<ele>1254.2144</ele>
				<time>2023-10-22T13:24:23Z</time>
				<desc>Vitesse : 245 kmh
Altitude : 4115 ft
Latitude : 43.360246
Longitude : 0.714522
Cap : 039°
</desc>
			</trkpt>
			<trkpt lat="43.36454454" lon="0.71919037">
				<ele>1253.4280</ele>
				<time>2023-10-22T13:24:32Z</time>
				<desc>Vitesse : 244 kmh
Altitude : 4112 ft
Latitude : 43.364545
Longitude : 0.719190
Cap : 038°
</desc>
			</trkpt>
			<trkpt lat="43.36882981" lon="0.72381322">
				<ele>1247.0514</ele>
				<time>2023-10-22T13:24:41Z</time>
				<desc>Vitesse : 241 kmh
Altitude : 4091 ft
Latitude : 43.368830
Longitude : 0.723813
Cap : 038°
</desc>
			</trkpt>
			<trkpt lat="43.37314660" lon="0.72839263">
				<ele>1233.4922</ele>
				<time>2023-10-22T13:24:50Z</time>
				<desc>Vitesse : 246 kmh
Altitude : 4047 ft
Latitude : 43.373147
Longitude : 0.728393
Cap : 038°
</desc>
			</trkpt>
			<trkpt lat="43.37751174" lon="0.73307179">
				<ele>1220.2773</ele>
				<time>2023-10-22T13:24:59Z</time>
				<desc>Vitesse : 247 kmh
Altitude : 4004 ft
Latitude : 43.377512
Longitude : 0.733072
Cap : 038°
</desc>
			</trkpt>
			<trkpt lat="43.38181925" lon="0.73783666">
				<ele>1214.5255</ele>
				<time>2023-10-22T13:25:08Z</time>
				<desc>Vitesse : 246 kmh
Altitude : 3985 ft
Latitude : 43.381819
Longitude : 0.737837
Cap : 039°
</desc>
			</trkpt>
			<trkpt lat="43.38611144" lon="0.74254408">
				<ele>1211.6724</ele>
				<time>2023-10-22T13:25:17Z</time>
				<desc>Vitesse : 244 kmh
Altitude : 3975 ft
Latitude : 43.386111
Longitude : 0.742544
Cap : 039°
</desc>
			</trkpt>
			<trkpt lat="43.39036903" lon="0.74720599">
				<ele>1207.6143</ele>
				<time>2023-10-22T13:25:26Z</time>
				<desc>Vitesse : 244 kmh
Altitude : 3962 ft
Latitude : 43.390369
Longitude : 0.747206
Cap : 039°
</desc>
			</trkpt>
			<trkpt lat="43.39465167" lon="0.75187247">
				<ele>1200.1958</ele>
				<time>2023-10-22T13:25:35Z</time>
				<desc>Vitesse : 243 kmh
Altitude : 3938 ft
Latitude : 43.394652
Longitude : 0.751872
Cap : 038°
</desc>
			</trkpt>
			<trkpt lat="43.39895094" lon="0.75652297">
				<ele>1189.2263</ele>
				<time>2023-10-22T13:25:44Z</time>
				<desc>Vitesse : 244 kmh
Altitude : 3902 ft
Latitude : 43.398951
Longitude : 0.756523
Cap : 038°
</desc>
			</trkpt>
			<trkpt lat="43.40324638" lon="0.76116526">
				<ele>1185.3007</ele>
				<time>2023-10-22T13:25:53Z</time>
				<desc>Vitesse : 242 kmh
Altitude : 3889 ft
Latitude : 43.403246
Longitude : 0.761165
Cap : 038°
</desc>
			</trkpt>
			<trkpt lat="43.40748794" lon="0.76584770">
				<ele>1178.9088</ele>
				<time>2023-10-22T13:26:02Z</time>
				<desc>Vitesse : 241 kmh
Altitude : 3868 ft
Latitude : 43.407488
Longitude : 0.765848
Cap : 039°
</desc>
			</trkpt>
			<trkpt lat="43.41173280" lon="0.77049710">
				<ele>1175.9501</ele>
				<time>2023-10-22T13:26:11Z</time>
				<desc>Vitesse : 242 kmh
Altitude : 3858 ft
Latitude : 43.411733
Longitude : 0.770497
Cap : 038°
</desc>
			</trkpt>
			<trkpt lat="43.41645184" lon="0.77549862">
				<ele>1171.4734</ele>
				<time>2023-10-22T13:26:21Z</time>
				<desc>Vitesse : 237 kmh
Altitude : 3843 ft
Latitude : 43.416452
Longitude : 0.775499
Cap : 036°
</desc>
			</trkpt>
			<trkpt lat="43.42075556" lon="0.78010145">
				<ele>1154.9036</ele>
				<time>2023-10-22T13:26:30Z</time>
				<desc>Vitesse : 244 kmh
Altitude : 3789 ft
Latitude : 43.420756
Longitude : 0.780101
Cap : 038°
</desc>
			</trkpt>
			<trkpt lat="43.42502955" lon="0.78465133">
				<ele>1152.9576</ele>
				<time>2023-10-22T13:26:39Z</time>
				<desc>Vitesse : 238 kmh
Altitude : 3783 ft
Latitude : 43.425030
Longitude : 0.784651
Cap : 038°
</desc>
			</trkpt>
			<trkpt lat="43.42930660" lon="0.78927509">
				<ele>1154.0471</ele>
				<time>2023-10-22T13:26:48Z</time>
				<desc>Vitesse : 237 kmh
Altitude : 3786 ft
Latitude : 43.429307
Longitude : 0.789275
Cap : 038°
</desc>
			</trkpt>
			<trkpt lat="43.43401475" lon="0.79420709">
				<ele>1144.8096</ele>
				<time>2023-10-22T13:26:58Z</time>
				<desc>Vitesse : 241 kmh
Altitude : 3756 ft
Latitude : 43.434015
Longitude : 0.794207
Cap : 038°
</desc>
			</trkpt>
			<trkpt lat="43.43874812" lon="0.79905097">
				<ele>1136.0781</ele>
				<time>2023-10-22T13:27:08Z</time>
				<desc>Vitesse : 239 kmh
Altitude : 3727 ft
Latitude : 43.438748
Longitude : 0.799051
Cap : 037°
</desc>
			</trkpt>
			<trkpt lat="43.44353555" lon="0.80381787">
				<ele>1111.8701</ele>
				<time>2023-10-22T13:27:18Z</time>
				<desc>Vitesse : 239 kmh
Altitude : 3648 ft
Latitude : 43.443536
Longitude : 0.803818
Cap : 036°
</desc>
			</trkpt>
			<trkpt lat="43.44835013" lon="0.80857642">
				<ele>1095.1376</ele>
				<time>2023-10-22T13:27:28Z</time>
				<desc>Vitesse : 235 kmh
Altitude : 3593 ft
Latitude : 43.448350
Longitude : 0.808576
Cap : 036°
</desc>
			</trkpt>
			<trkpt lat="43.45305812" lon="0.81328692">
				<ele>1089.3900</ele>
				<time>2023-10-22T13:27:38Z</time>
				<desc>Vitesse : 234 kmh
Altitude : 3574 ft
Latitude : 43.453058
Longitude : 0.813287
Cap : 036°
</desc>
			</trkpt>
			<trkpt lat="43.45775993" lon="0.81802246">
				<ele>1084.9703</ele>
				<time>2023-10-22T13:27:48Z</time>
				<desc>Vitesse : 233 kmh
Altitude : 3560 ft
Latitude : 43.457760
Longitude : 0.818022
Cap : 036°
</desc>
			</trkpt>
			<trkpt lat="43.46234001" lon="0.82287374">
				<ele>1078.4222</ele>
				<time>2023-10-22T13:27:58Z</time>
				<desc>Vitesse : 232 kmh
Altitude : 3538 ft
Latitude : 43.462340
Longitude : 0.822874
Cap : 039°
</desc>
			</trkpt>
			<trkpt lat="43.46680196" lon="0.82794271">
				<ele>1066.9086</ele>
				<time>2023-10-22T13:28:08Z</time>
				<desc>Vitesse : 233 kmh
Altitude : 3500 ft
Latitude : 43.466802
Longitude : 0.827943
Cap : 041°
</desc>
			</trkpt>
			<trkpt lat="43.47118515" lon="0.83307510">
				<ele>1059.3656</ele>
				<time>2023-10-22T13:28:18Z</time>
				<desc>Vitesse : 225 kmh
Altitude : 3476 ft
Latitude : 43.471185
Longitude : 0.833075
Cap : 041°
</desc>
			</trkpt>
			<trkpt lat="43.47541513" lon="0.83807744">
				<ele>1061.8602</ele>
				<time>2023-10-22T13:28:28Z</time>
				<desc>Vitesse : 221 kmh
Altitude : 3484 ft
Latitude : 43.475415
Longitude : 0.838077
Cap : 041°
</desc>
			</trkpt>
			<trkpt lat="43.47949481" lon="0.84299325">
				<ele>1045.5009</ele>
				<time>2023-10-22T13:28:38Z</time>
				<desc>Vitesse : 223 kmh
Altitude : 3430 ft
Latitude : 43.479495
Longitude : 0.842993
Cap : 041°
</desc>
			</trkpt>
			<trkpt lat="43.48380218" lon="0.84787696">
				<ele>1032.0464</ele>
				<time>2023-10-22T13:28:48Z</time>
				<desc>Vitesse : 227 kmh
Altitude : 3386 ft
Latitude : 43.483802
Longitude : 0.847877
Cap : 038°
</desc>
			</trkpt>
			<trkpt lat="43.48827749" lon="0.85259117">
				<ele>1033.7137</ele>
				<time>2023-10-22T13:28:58Z</time>
				<desc>Vitesse : 222 kmh
Altitude : 3391 ft
Latitude : 43.488277
Longitude : 0.852591
Cap : 038°
</desc>
			</trkpt>
			<trkpt lat="43.49296676" lon="0.85748758">
				<ele>1033.6678</ele>
				<time>2023-10-22T13:29:09Z</time>
				<desc>Vitesse : 213 kmh
Altitude : 3391 ft
Latitude : 43.492967
Longitude : 0.857488
Cap : 038°
</desc>
			</trkpt>
			<trkpt lat="43.49766622" lon="0.86235308">
				<ele>1027.9755</ele>
				<time>2023-10-22T13:29:20Z</time>
				<desc>Vitesse : 211 kmh
Altitude : 3373 ft
Latitude : 43.497666
Longitude : 0.862353
Cap : 037°
</desc>
			</trkpt>
			<trkpt lat="43.50234102" lon="0.86705038">
				<ele>1027.3521</ele>
				<time>2023-10-22T13:29:31Z</time>
				<desc>Vitesse : 213 kmh
Altitude : 3371 ft
Latitude : 43.502341
Longitude : 0.867050
Cap : 036°
</desc>
			</trkpt>
			<trkpt lat="43.50701008" lon="0.87179091">
				<ele>1028.2990</ele>
				<time>2023-10-22T13:29:42Z</time>
				<desc>Vitesse : 210 kmh
Altitude : 3374 ft
Latitude : 43.507010
Longitude : 0.871791
Cap : 036°
</desc>
			</trkpt>
			<trkpt lat="43.51156889" lon="0.87656037">
				<ele>1031.2168</ele>
				<time>2023-10-22T13:29:53Z</time>
				<desc>Vitesse : 206 kmh
Altitude : 3383 ft
Latitude : 43.511569
Longitude : 0.876560
Cap : 038°
</desc>
			</trkpt>
			<trkpt lat="43.51599256" lon="0.88165011">
				<ele>1023.1689</ele>
				<time>2023-10-22T13:30:04Z</time>
				<desc>Vitesse : 210 kmh
Altitude : 3357 ft
Latitude : 43.515993
Longitude : 0.881650
Cap : 041°
</desc>
			</trkpt>
			<trkpt lat="43.52019631" lon="0.88687246">
				<ele>1018.5530</ele>
				<time>2023-10-22T13:30:15Z</time>
				<desc>Vitesse : 209 kmh
Altitude : 3342 ft
Latitude : 43.520196
Longitude : 0.886872
Cap : 042°
</desc>
			</trkpt>
			<trkpt lat="43.52440267" lon="0.89198598">
				<ele>1026.3722</ele>
				<time>2023-10-22T13:30:26Z</time>
				<desc>Vitesse : 202 kmh
Altitude : 3367 ft
Latitude : 43.524403
Longitude : 0.891986
Cap : 042°
</desc>
			</trkpt>
			<trkpt lat="43.52843725" lon="0.89703457">
				<ele>1035.6483</ele>
				<time>2023-10-22T13:30:37Z</time>
				<desc>Vitesse : 199 kmh
Altitude : 3398 ft
Latitude : 43.528437
Longitude : 0.897035
Cap : 043°
</desc>
			</trkpt>
			<trkpt lat="43.53272618" lon="0.90259299">
				<ele>1041.5298</ele>
				<time>2023-10-22T13:30:49Z</time>
				<desc>Vitesse : 195 kmh
Altitude : 3417 ft
Latitude : 43.532726
Longitude : 0.902593
Cap : 044°
</desc>
			</trkpt>
			<trkpt lat="43.53697813" lon="0.90809602">
				<ele>1049.5923</ele>
				<time>2023-10-22T13:31:01Z</time>
				<desc>Vitesse : 196 kmh
Altitude : 3444 ft
Latitude : 43.536978
Longitude : 0.908096
Cap : 044°
</desc>
			</trkpt>
			<trkpt lat="43.54117488" lon="0.91366153">
				<ele>1050.3802</ele>
				<time>2023-10-22T13:31:13Z</time>
				<desc>Vitesse : 198 kmh
Altitude : 3446 ft
Latitude : 43.541175
Longitude : 0.913662
Cap : 044°
</desc>
			</trkpt>
			<trkpt lat="43.54508038" lon="0.91899448">
				<ele>1051.5403</ele>
				<time>2023-10-22T13:31:24Z</time>
				<desc>Vitesse : 204 kmh
Altitude : 3450 ft
Latitude : 43.545080
Longitude : 0.918994
Cap : 046°
</desc>
			</trkpt>
			<trkpt lat="43.54898208" lon="0.92461635">
				<ele>1052.1149</ele>
				<time>2023-10-22T13:31:35Z</time>
				<desc>Vitesse : 209 kmh
Altitude : 3452 ft
Latitude : 43.548982
Longitude : 0.924616
Cap : 047°
</desc>
			</trkpt>
			<trkpt lat="43.55285508" lon="0.93040970">
				<ele>1051.1445</ele>
				<time>2023-10-22T13:31:46Z</time>
				<desc>Vitesse : 208 kmh
Altitude : 3449 ft
Latitude : 43.552855
Longitude : 0.930410
Cap : 048°
</desc>
			</trkpt>
			<trkpt lat="43.55670250" lon="0.93624151">
				<ele>1050.6245</ele>
				<time>2023-10-22T13:31:57Z</time>
				<desc>Vitesse : 209 kmh
Altitude : 3447 ft
Latitude : 43.556703
Longitude : 0.936242
Cap : 048°
</desc>
			</trkpt>
			<trkpt lat="43.56057770" lon="0.94209674">
				<ele>1044.8899</ele>
				<time>2023-10-22T13:32:08Z</time>
				<desc>Vitesse : 208 kmh
Altitude : 3428 ft
Latitude : 43.560578
Longitude : 0.942097
Cap : 048°
</desc>
			</trkpt>
			<trkpt lat="43.56437178" lon="0.94802236">
				<ele>1042.0485</ele>
				<time>2023-10-22T13:32:19Z</time>
				<desc>Vitesse : 207 kmh
Altitude : 3419 ft
Latitude : 43.564372
Longitude : 0.948022
Cap : 050°
</desc>
			</trkpt>
			<trkpt lat="43.56809877" lon="0.95388498">
				<ele>1043.5863</ele>
				<time>2023-10-22T13:32:30Z</time>
				<desc>Vitesse : 204 kmh
Altitude : 3424 ft
Latitude : 43.568099
Longitude : 0.953885
Cap : 048°
</desc>
			</trkpt>
			<trkpt lat="43.57180539" lon="0.95970132">
				<ele>1041.0204</ele>
				<time>2023-10-22T13:32:41Z</time>
				<desc>Vitesse : 204 kmh
Altitude : 3415 ft
Latitude : 43.571805
Longitude : 0.959701
Cap : 049°
</desc>
			</trkpt>
			<trkpt lat="43.57543054" lon="0.96554774">
				<ele>1044.7700</ele>
				<time>2023-10-22T13:32:52Z</time>
				<desc>Vitesse : 204 kmh
Altitude : 3428 ft
Latitude : 43.575431
Longitude : 0.965548
Cap : 051°
</desc>
			</trkpt>
			<trkpt lat="43.57903714" lon="0.97139612">
				<ele>1051.9043</ele>
				<time>2023-10-22T13:33:03Z</time>
				<desc>Vitesse : 202 kmh
Altitude : 3451 ft
Latitude : 43.579037
Longitude : 0.971396
Cap : 048°
</desc>
			</trkpt>
			<trkpt lat="43.58282874" lon="0.97701157">
				<ele>1049.2311</ele>
				<time>2023-10-22T13:33:14Z</time>
				<desc>Vitesse : 203 kmh
Altitude : 3442 ft
Latitude : 43.582829
Longitude : 0.977012
Cap : 047°
</desc>
			</trkpt>
			<trkpt lat="43.58671653" lon="0.98253422">
				<ele>1048.0284</ele>
				<time>2023-10-22T13:33:25Z</time>
				<desc>Vitesse : 203 kmh
Altitude : 3438 ft
Latitude : 43.586717
Longitude : 0.982534
Cap : 045°
</desc>
			</trkpt>
			<trkpt lat="43.59071019" lon="0.98790130">
				<ele>1045.8605</ele>
				<time>2023-10-22T13:33:36Z</time>
				<desc>Vitesse : 205 kmh
Altitude : 3431 ft
Latitude : 43.590710
Longitude : 0.987901
Cap : 044°
</desc>
			</trkpt>
			<trkpt lat="43.59470769" lon="0.99341844">
				<ele>1046.4565</ele>
				<time>2023-10-22T13:33:47Z</time>
				<desc>Vitesse : 210 kmh
Altitude : 3433 ft
Latitude : 43.594708
Longitude : 0.993418
Cap : 046°
</desc>
			</trkpt>
			<trkpt lat="43.59871120" lon="0.99930713">
				<ele>1043.4985</ele>
				<time>2023-10-22T13:33:58Z</time>
				<desc>Vitesse : 215 kmh
Altitude : 3424 ft
Latitude : 43.598711
Longitude : 0.999307
Cap : 048°
</desc>
			</trkpt>
			<trkpt lat="43.60268647" lon="1.00506136">
				<ele>1056.1410</ele>
				<time>2023-10-22T13:34:09Z</time>
				<desc>Vitesse : 206 kmh
Altitude : 3465 ft
Latitude : 43.602686
Longitude : 1.005061
Cap : 044°
</desc>
			</trkpt>
			<trkpt lat="43.60671591" lon="1.01038717">
				<ele>1064.8619</ele>
				<time>2023-10-22T13:34:20Z</time>
				<desc>Vitesse : 202 kmh
Altitude : 3494 ft
Latitude : 43.606716
Longitude : 1.010387
Cap : 044°
</desc>
			</trkpt>
			<trkpt lat="43.61080623" lon="1.01565192">
				<ele>1058.1790</ele>
				<time>2023-10-22T13:34:31Z</time>
				<desc>Vitesse : 205 kmh
Altitude : 3472 ft
Latitude : 43.610806
Longitude : 1.015652
Cap : 043°
</desc>
			</trkpt>
			<trkpt lat="43.61489735" lon="1.02101725">
				<ele>1051.9779</ele>
				<time>2023-10-22T13:34:42Z</time>
				<desc>Vitesse : 206 kmh
Altitude : 3451 ft
Latitude : 43.614897
Longitude : 1.021017
Cap : 043°
</desc>
			</trkpt>
			<trkpt lat="43.61918061" lon="1.02641950">
				<ele>1041.5494</ele>
				<time>2023-10-22T13:34:53Z</time>
				<desc>Vitesse : 217 kmh
Altitude : 3417 ft
Latitude : 43.619181
Longitude : 1.026420
Cap : 042°
</desc>
			</trkpt>
			<trkpt lat="43.62322041" lon="1.03149080">
				<ele>1033.5203</ele>
				<time>2023-10-22T13:35:03Z</time>
				<desc>Vitesse : 217 kmh
Altitude : 3391 ft
Latitude : 43.623220
Longitude : 1.031491
Cap : 042°
</desc>
			</trkpt>
			<trkpt lat="43.62766333" lon="1.03686676">
				<ele>1035.8009</ele>
				<time>2023-10-22T13:35:14Z</time>
				<desc>Vitesse : 211 kmh
Altitude : 3398 ft
Latitude : 43.627663
Longitude : 1.036867
Cap : 042°
</desc>
			</trkpt>
			<trkpt lat="43.63204166" lon="1.04217433">
				<ele>1032.6063</ele>
				<time>2023-10-22T13:35:25Z</time>
				<desc>Vitesse : 212 kmh
Altitude : 3388 ft
Latitude : 43.632042
Longitude : 1.042174
Cap : 040°
</desc>
			</trkpt>
			<trkpt lat="43.63634025" lon="1.04730621">
				<ele>1036.6406</ele>
				<time>2023-10-22T13:35:36Z</time>
				<desc>Vitesse : 208 kmh
Altitude : 3401 ft
Latitude : 43.636340
Longitude : 1.047306
Cap : 041°
</desc>
			</trkpt>
			<trkpt lat="43.64058467" lon="1.05260017">
				<ele>1022.5984</ele>
				<time>2023-10-22T13:35:47Z</time>
				<desc>Vitesse : 209 kmh
Altitude : 3355 ft
Latitude : 43.640585
Longitude : 1.052600
Cap : 043°
</desc>
			</trkpt>
			<trkpt lat="43.64472348" lon="1.05794851">
				<ele>1020.8698</ele>
				<time>2023-10-22T13:35:58Z</time>
				<desc>Vitesse : 206 kmh
Altitude : 3349 ft
Latitude : 43.644723
Longitude : 1.057949
Cap : 043°
</desc>
			</trkpt>
			<trkpt lat="43.64877075" lon="1.06323265">
				<ele>1021.4897</ele>
				<time>2023-10-22T13:36:09Z</time>
				<desc>Vitesse : 201 kmh
Altitude : 3351 ft
Latitude : 43.648771
Longitude : 1.063233
Cap : 044°
</desc>
			</trkpt>
			<trkpt lat="43.65269913" lon="1.06846003">
				<ele>1026.4072</ele>
				<time>2023-10-22T13:36:20Z</time>
				<desc>Vitesse : 196 kmh
Altitude : 3367 ft
Latitude : 43.652699
Longitude : 1.068460
Cap : 044°
</desc>
			</trkpt>
			<trkpt lat="43.65659933" lon="1.07369911">
				<ele>1022.8265</ele>
				<time>2023-10-22T13:36:31Z</time>
				<desc>Vitesse : 200 kmh
Altitude : 3356 ft
Latitude : 43.656599
Longitude : 1.073699
Cap : 044°
</desc>
			</trkpt>
			<trkpt lat="43.66063525" lon="1.07886255">
				<ele>1028.9008</ele>
				<time>2023-10-22T13:36:42Z</time>
				<desc>Vitesse : 199 kmh
Altitude : 3376 ft
Latitude : 43.660635
Longitude : 1.078863
Cap : 042°
</desc>
			</trkpt>
			<trkpt lat="43.66470149" lon="1.08398275">
				<ele>1032.6473</ele>
				<time>2023-10-22T13:36:53Z</time>
				<desc>Vitesse : 203 kmh
Altitude : 3388 ft
Latitude : 43.664701
Longitude : 1.083983
Cap : 042°
</desc>
			</trkpt>
			<trkpt lat="43.66851946" lon="1.08887980">
				<ele>1031.7145</ele>
				<time>2023-10-22T13:37:03Z</time>
				<desc>Vitesse : 212 kmh
Altitude : 3385 ft
Latitude : 43.668519
Longitude : 1.088880
Cap : 049°
</desc>
			</trkpt>
			<trkpt lat="43.66918354" lon="1.09001836">
				<ele>1031.1501</ele>
				<time>2023-10-22T13:37:05Z</time>
				<desc>Vitesse : 211 kmh
Altitude : 3383 ft
Latitude : 43.669184
Longitude : 1.090018
Cap : 055°
</desc>
			</trkpt>
			<trkpt lat="43.66973818" lon="1.09125011">
				<ele>1029.6981</ele>
				<time>2023-10-22T13:37:07Z</time>
				<desc>Vitesse : 210 kmh
Altitude : 3378 ft
Latitude : 43.669738
Longitude : 1.091250
Cap : 061°
</desc>
			</trkpt>
			<trkpt lat="43.67019205" lon="1.09255229">
				<ele>1029.0391</ele>
				<time>2023-10-22T13:37:09Z</time>
				<desc>Vitesse : 210 kmh
Altitude : 3376 ft
Latitude : 43.670192
Longitude : 1.092552
Cap : 068°
</desc>
			</trkpt>
			<trkpt lat="43.67051605" lon="1.09390169">
				<ele>1025.4713</ele>
				<time>2023-10-22T13:37:11Z</time>
				<desc>Vitesse : 208 kmh
Altitude : 3364 ft
Latitude : 43.670516
Longitude : 1.093902
Cap : 075°
</desc>
			</trkpt>
			<trkpt lat="43.67071351" lon="1.09531038">
				<ele>1023.8369</ele>
				<time>2023-10-22T13:37:13Z</time>
				<desc>Vitesse : 208 kmh
Altitude : 3359 ft
Latitude : 43.670714
Longitude : 1.095310
Cap : 083°
</desc>
			</trkpt>
			<trkpt lat="43.67076894" lon="1.09673149">
				<ele>1022.9795</ele>
				<time>2023-10-22T13:37:15Z</time>
				<desc>Vitesse : 207 kmh
Altitude : 3356 ft
Latitude : 43.670769
Longitude : 1.096731
Cap : 090°
</desc>
			</trkpt>
			<trkpt lat="43.67070374" lon="1.09813846">
				<ele>1023.1219</ele>
				<time>2023-10-22T13:37:17Z</time>
				<desc>Vitesse : 206 kmh
Altitude : 3357 ft
Latitude : 43.670704
Longitude : 1.098138
Cap : 096°
</desc>
			</trkpt>
			<trkpt lat="43.67052562" lon="1.09952993">
				<ele>1024.0137</ele>
				<time>2023-10-22T13:37:19Z</time>
				<desc>Vitesse : 205 kmh
Altitude : 3360 ft
Latitude : 43.670526
Longitude : 1.099530
Cap : 103°
</desc>
			</trkpt>
			<trkpt lat="43.66985305" lon="1.10296726">
				<ele>1029.6387</ele>
				<time>2023-10-22T13:37:24Z</time>
				<desc>Vitesse : 205 kmh
Altitude : 3378 ft
Latitude : 43.669853
Longitude : 1.102967
Cap : 108°
</desc>
			</trkpt>
			<trkpt lat="43.66804460" lon="1.11025472">
				<ele>1026.8180</ele>
				<time>2023-10-22T13:37:35Z</time>
				<desc>Vitesse : 203 kmh
Altitude : 3369 ft
Latitude : 43.668045
Longitude : 1.110255
Cap : 110°
</desc>
			</trkpt>
			<trkpt lat="43.66608239" lon="1.11744803">
				<ele>1041.0247</ele>
				<time>2023-10-22T13:37:46Z</time>
				<desc>Vitesse : 203 kmh
Altitude : 3415 ft
Latitude : 43.666082
Longitude : 1.117448
Cap : 111°
</desc>
			</trkpt>
			<trkpt lat="43.66413907" lon="1.12476625">
				<ele>1039.1379</ele>
				<time>2023-10-22T13:37:57Z</time>
				<desc>Vitesse : 207 kmh
Altitude : 3409 ft
Latitude : 43.664139
Longitude : 1.124766
Cap : 110°
</desc>
			</trkpt>
			<trkpt lat="43.66204209" lon="1.13224180">
				<ele>1012.2986</ele>
				<time>2023-10-22T13:38:08Z</time>
				<desc>Vitesse : 216 kmh
Altitude : 3321 ft
Latitude : 43.662042
Longitude : 1.132242
Cap : 113°
</desc>
			</trkpt>
			<trkpt lat="43.65988856" lon="1.13908452">
				<ele>1001.6461</ele>
				<time>2023-10-22T13:38:18Z</time>
				<desc>Vitesse : 215 kmh
Altitude : 3286 ft
Latitude : 43.659889
Longitude : 1.139085
Cap : 114°
</desc>
			</trkpt>
			<trkpt lat="43.65758147" lon="1.14629920">
				<ele>1006.1500</ele>
				<time>2023-10-22T13:38:29Z</time>
				<desc>Vitesse : 202 kmh
Altitude : 3301 ft
Latitude : 43.657581
Longitude : 1.146299
Cap : 114°
</desc>
			</trkpt>
			<trkpt lat="43.65543206" lon="1.15324360">
				<ele>1002.2942</ele>
				<time>2023-10-22T13:38:40Z</time>
				<desc>Vitesse : 197 kmh
Altitude : 3288 ft
Latitude : 43.655432
Longitude : 1.153244
Cap : 111°
</desc>
			</trkpt>
			<trkpt lat="43.65333351" lon="1.16081181">
				<ele>1001.4241</ele>
				<time>2023-10-22T13:38:52Z</time>
				<desc>Vitesse : 199 kmh
Altitude : 3286 ft
Latitude : 43.653334
Longitude : 1.160812
Cap : 111°
</desc>
			</trkpt>
			<trkpt lat="43.65126328" lon="1.16783960">
				<ele>1000.2521</ele>
				<time>2023-10-22T13:39:03Z</time>
				<desc>Vitesse : 198 kmh
Altitude : 3282 ft
Latitude : 43.651263
Longitude : 1.167840
Cap : 114°
</desc>
			</trkpt>
			<trkpt lat="43.64910435" lon="1.17473554">
				<ele>999.2705</ele>
				<time>2023-10-22T13:39:14Z</time>
				<desc>Vitesse : 198 kmh
Altitude : 3278 ft
Latitude : 43.649104
Longitude : 1.174736
Cap : 113°
</desc>
			</trkpt>
			<trkpt lat="43.64689972" lon="1.18168025">
				<ele>988.3859</ele>
				<time>2023-10-22T13:39:25Z</time>
				<desc>Vitesse : 199 kmh
Altitude : 3243 ft
Latitude : 43.646900
Longitude : 1.181680
Cap : 109°
</desc>
			</trkpt>
			<trkpt lat="43.64535424" lon="1.18882016">
				<ele>1000.8389</ele>
				<time>2023-10-22T13:39:36Z</time>
				<desc>Vitesse : 194 kmh
Altitude : 3284 ft
Latitude : 43.645354
Longitude : 1.188820
Cap : 106°
</desc>
			</trkpt>
			<trkpt lat="43.64378702" lon="1.19642310">
				<ele>1008.4393</ele>
				<time>2023-10-22T13:39:48Z</time>
				<desc>Vitesse : 191 kmh
Altitude : 3309 ft
Latitude : 43.643787
Longitude : 1.196423
Cap : 105°
</desc>
			</trkpt>
			<trkpt lat="43.64224043" lon="1.20415686">
				<ele>1008.1967</ele>
				<time>2023-10-22T13:40:00Z</time>
				<desc>Vitesse : 198 kmh
Altitude : 3308 ft
Latitude : 43.642240
Longitude : 1.204157
Cap : 107°
</desc>
			</trkpt>
			<trkpt lat="43.64058862" lon="1.21128201">
				<ele>1002.5592</ele>
				<time>2023-10-22T13:40:11Z</time>
				<desc>Vitesse : 202 kmh
Altitude : 3289 ft
Latitude : 43.640589
Longitude : 1.211282
Cap : 108°
</desc>
			</trkpt>
			<trkpt lat="43.63894525" lon="1.21841078">
				<ele>1010.8612</ele>
				<time>2023-10-22T13:40:22Z</time>
				<desc>Vitesse : 197 kmh
Altitude : 3316 ft
Latitude : 43.638945
Longitude : 1.218411
Cap : 108°
</desc>
			</trkpt>
			<trkpt lat="43.63716604" lon="1.22582340">
				<ele>1024.8945</ele>
				<time>2023-10-22T13:40:34Z</time>
				<desc>Vitesse : 183 kmh
Altitude : 3363 ft
Latitude : 43.637166
Longitude : 1.225823
Cap : 105°
</desc>
			</trkpt>
			<trkpt lat="43.63687549" lon="1.22767452">
				<ele>1024.5845</ele>
				<time>2023-10-22T13:40:37Z</time>
				<desc>Vitesse : 181 kmh
Altitude : 3361 ft
Latitude : 43.636875
Longitude : 1.227675
Cap : 099°
</desc>
			</trkpt>
			<trkpt lat="43.63677374" lon="1.22952732">
				<ele>1020.8282</ele>
				<time>2023-10-22T13:40:40Z</time>
				<desc>Vitesse : 183 kmh
Altitude : 3349 ft
Latitude : 43.636774
Longitude : 1.229527
Cap : 091°
</desc>
			</trkpt>
			<trkpt lat="43.63683056" lon="1.23079236">
				<ele>1019.0476</ele>
				<time>2023-10-22T13:40:42Z</time>
				<desc>Vitesse : 185 kmh
Altitude : 3343 ft
Latitude : 43.636831
Longitude : 1.230792
Cap : 083°
</desc>
			</trkpt>
			<trkpt lat="43.63701609" lon="1.23204610">
				<ele>1018.9434</ele>
				<time>2023-10-22T13:40:44Z</time>
				<desc>Vitesse : 185 kmh
Altitude : 3343 ft
Latitude : 43.637016
Longitude : 1.232046
Cap : 074°
</desc>
			</trkpt>
			<trkpt lat="43.63733728" lon="1.23323158">
				<ele>1020.4968</ele>
				<time>2023-10-22T13:40:46Z</time>
				<desc>Vitesse : 183 kmh
Altitude : 3348 ft
Latitude : 43.637337
Longitude : 1.233232
Cap : 066°
</desc>
			</trkpt>
			<trkpt lat="43.63776476" lon="1.23435333">
				<ele>1022.0126</ele>
				<time>2023-10-22T13:40:48Z</time>
				<desc>Vitesse : 183 kmh
Altitude : 3353 ft
Latitude : 43.637765
Longitude : 1.234353
Cap : 057°
</desc>
			</trkpt>
			<trkpt lat="43.63831923" lon="1.23533238">
				<ele>1022.3054</ele>
				<time>2023-10-22T13:40:50Z</time>
				<desc>Vitesse : 181 kmh
Altitude : 3354 ft
Latitude : 43.638319
Longitude : 1.235332
Cap : 048°
</desc>
			</trkpt>
			<trkpt lat="43.63863623" lon="1.23577911">
				<ele>1022.7054</ele>
				<time>2023-10-22T13:40:51Z</time>
				<desc>Vitesse : 182 kmh
Altitude : 3355 ft
Latitude : 43.638636
Longitude : 1.235779
Cap : 043°
</desc>
			</trkpt>
			<trkpt lat="43.63934258" lon="1.23655825">
				<ele>1020.3298</ele>
				<time>2023-10-22T13:40:53Z</time>
				<desc>Vitesse : 181 kmh
Altitude : 3348 ft
Latitude : 43.639343
Longitude : 1.236558
Cap : 035°
</desc>
			</trkpt>
			<trkpt lat="43.64012571" lon="1.23719420">
				<ele>1018.1472</ele>
				<time>2023-10-22T13:40:55Z</time>
				<desc>Vitesse : 183 kmh
Altitude : 3340 ft
Latitude : 43.640126
Longitude : 1.237194
Cap : 026°
</desc>
			</trkpt>
			<trkpt lat="43.64097571" lon="1.23764905">
				<ele>1017.5128</ele>
				<time>2023-10-22T13:40:57Z</time>
				<desc>Vitesse : 184 kmh
Altitude : 3338 ft
Latitude : 43.640976
Longitude : 1.237649
Cap : 017°
</desc>
			</trkpt>
			<trkpt lat="43.64142376" lon="1.23779702">
				<ele>1016.8540</ele>
				<time>2023-10-22T13:40:58Z</time>
				<desc>Vitesse : 185 kmh
Altitude : 3336 ft
Latitude : 43.641424
Longitude : 1.237797
Cap : 011°
</desc>
			</trkpt>
			<trkpt lat="43.64234981" lon="1.23794798">
				<ele>1015.3223</ele>
				<time>2023-10-22T13:41:00Z</time>
				<desc>Vitesse : 187 kmh
Altitude : 3331 ft
Latitude : 43.642350
Longitude : 1.237948
Cap : 002°
</desc>
			</trkpt>
			<trkpt lat="43.64281401" lon="1.23795532">
				<ele>1015.5874</ele>
				<time>2023-10-22T13:41:01Z</time>
				<desc>Vitesse : 185 kmh
Altitude : 3332 ft
Latitude : 43.642814
Longitude : 1.237955
Cap : 359°
</desc>
			</trkpt>
			<trkpt lat="43.64373994" lon="1.23780709">
				<ele>1015.3979</ele>
				<time>2023-10-22T13:41:03Z</time>
				<desc>Vitesse : 188 kmh
Altitude : 3331 ft
Latitude : 43.643740
Longitude : 1.237807
Cap : 350°
</desc>
			</trkpt>
			<trkpt lat="43.64464272" lon="1.23746887">
				<ele>1015.4696</ele>
				<time>2023-10-22T13:41:05Z</time>
				<desc>Vitesse : 188 kmh
Altitude : 3332 ft
Latitude : 43.644643
Longitude : 1.237469
Cap : 341°
</desc>
			</trkpt>
			<trkpt lat="43.64594206" lon="1.23666905">
				<ele>1017.6755</ele>
				<time>2023-10-22T13:41:08Z</time>
				<desc>Vitesse : 192 kmh
Altitude : 3339 ft
Latitude : 43.645942
Longitude : 1.236669
Cap : 334°
</desc>
			</trkpt>
			<trkpt lat="43.64631429" lon="1.23627975">
				<ele>1018.9670</ele>
				<time>2023-10-22T13:41:09Z</time>
				<desc>Vitesse : 187 kmh
Altitude : 3343 ft
Latitude : 43.646314
Longitude : 1.236280
Cap : 323°
</desc>
			</trkpt>
			<trkpt lat="43.64704212" lon="1.23547126">
				<ele>1016.7667</ele>
				<time>2023-10-22T13:41:11Z</time>
				<desc>Vitesse : 188 kmh
Altitude : 3336 ft
Latitude : 43.647042
Longitude : 1.235471
Cap : 318°
</desc>
			</trkpt>
			<trkpt lat="43.64770727" lon="1.23452730">
				<ele>1012.3370</ele>
				<time>2023-10-22T13:41:13Z</time>
				<desc>Vitesse : 191 kmh
Altitude : 3321 ft
Latitude : 43.647707
Longitude : 1.234527
Cap : 313°
</desc>
			</trkpt>
			<trkpt lat="43.64797383" lon="1.23396979">
				<ele>1009.5433</ele>
				<time>2023-10-22T13:41:14Z</time>
				<desc>Vitesse : 193 kmh
Altitude : 3312 ft
Latitude : 43.647974
Longitude : 1.233970
Cap : 304°
</desc>
			</trkpt>
			<trkpt lat="43.64846949" lon="1.23280650">
				<ele>1003.4152</ele>
				<time>2023-10-22T13:41:16Z</time>
				<desc>Vitesse : 197 kmh
Altitude : 3292 ft
Latitude : 43.648469
Longitude : 1.232807
Cap : 296°
</desc>
			</trkpt>
			<trkpt lat="43.64884513" lon="1.23155086">
				<ele>1001.4304</ele>
				<time>2023-10-22T13:41:18Z</time>
				<desc>Vitesse : 197 kmh
Altitude : 3286 ft
Latitude : 43.648845
Longitude : 1.231551
Cap : 288°
</desc>
			</trkpt>
			<trkpt lat="43.64908239" lon="1.23023887">
				<ele>1002.3728</ele>
				<time>2023-10-22T13:41:20Z</time>
				<desc>Vitesse : 194 kmh
Altitude : 3289 ft
Latitude : 43.649082
Longitude : 1.230239
Cap : 279°
</desc>
			</trkpt>
			<trkpt lat="43.64915087" lon="1.22892850">
				<ele>1006.0842</ele>
				<time>2023-10-22T13:41:22Z</time>
				<desc>Vitesse : 190 kmh
Altitude : 3301 ft
Latitude : 43.649151
Longitude : 1.228929
Cap : 269°
</desc>
			</trkpt>
			<trkpt lat="43.64904584" lon="1.22768754">
				<ele>1008.2935</ele>
				<time>2023-10-22T13:41:24Z</time>
				<desc>Vitesse : 180 kmh
Altitude : 3308 ft
Latitude : 43.649046
Longitude : 1.227688
Cap : 258°
</desc>
			</trkpt>
			<trkpt lat="43.64880984" lon="1.22651337">
				<ele>1008.0886</ele>
				<time>2023-10-22T13:41:26Z</time>
				<desc>Vitesse : 174 kmh
Altitude : 3307 ft
Latitude : 43.648810
Longitude : 1.226513
Cap : 249°
</desc>
			</trkpt>
			<trkpt lat="43.64844455" lon="1.22544589">
				<ele>1007.3705</ele>
				<time>2023-10-22T13:41:28Z</time>
				<desc>Vitesse : 170 kmh
Altitude : 3305 ft
Latitude : 43.648445
Longitude : 1.225446
Cap : 239°
</desc>
			</trkpt>
			<trkpt lat="43.64796020" lon="1.22449999">
				<ele>1004.1794</ele>
				<time>2023-10-22T13:41:30Z</time>
				<desc>Vitesse : 165 kmh
Altitude : 3295 ft
Latitude : 43.647960
Longitude : 1.224500
Cap : 229°
</desc>
			</trkpt>
			<trkpt lat="43.64735585" lon="1.22374612">
				<ele>1003.3610</ele>
				<time>2023-10-22T13:41:32Z</time>
				<desc>Vitesse : 161 kmh
Altitude : 3292 ft
Latitude : 43.647356
Longitude : 1.223746
Cap : 219°
</desc>
			</trkpt>
			<trkpt lat="43.64669647" lon="1.22312757">
				<ele>1003.1201</ele>
				<time>2023-10-22T13:41:34Z</time>
				<desc>Vitesse : 158 kmh
Altitude : 3291 ft
Latitude : 43.646696
Longitude : 1.223128
Cap : 210°
</desc>
			</trkpt>
			<trkpt lat="43.64634354" lon="1.22288166">
				<ele>1002.5498</ele>
				<time>2023-10-22T13:41:35Z</time>
				<desc>Vitesse : 157 kmh
Altitude : 3289 ft
Latitude : 43.646344
Longitude : 1.222882
Cap : 205°
</desc>
			</trkpt>
			<trkpt lat="43.64563644" lon="1.22252918">
				<ele>1005.8647</ele>
				<time>2023-10-22T13:41:37Z</time>
				<desc>Vitesse : 149 kmh
Altitude : 3300 ft
Latitude : 43.645636
Longitude : 1.222529
Cap : 196°
</desc>
			</trkpt>
			<trkpt lat="43.64491533" lon="1.22234941">
				<ele>1005.6483</ele>
				<time>2023-10-22T13:41:39Z</time>
				<desc>Vitesse : 145 kmh
Altitude : 3299 ft
Latitude : 43.644915
Longitude : 1.222349
Cap : 186°
</desc>
			</trkpt>
			<trkpt lat="43.64455514" lon="1.22232156">
				<ele>1005.3679</ele>
				<time>2023-10-22T13:41:40Z</time>
				<desc>Vitesse : 143 kmh
Altitude : 3298 ft
Latitude : 43.644555
Longitude : 1.222322
Cap : 181°
</desc>
			</trkpt>
			<trkpt lat="43.64352441" lon="1.22249699">
				<ele>1004.3193</ele>
				<time>2023-10-22T13:41:43Z</time>
				<desc>Vitesse : 139 kmh
Altitude : 3295 ft
Latitude : 43.643524
Longitude : 1.222497
Cap : 164°
</desc>
			</trkpt>
			<trkpt lat="43.64288220" lon="1.22280829">
				<ele>1003.3721</ele>
				<time>2023-10-22T13:41:45Z</time>
				<desc>Vitesse : 135 kmh
Altitude : 3292 ft
Latitude : 43.642882
Longitude : 1.222808
Cap : 155°
</desc>
			</trkpt>
			<trkpt lat="43.64257904" lon="1.22302621">
				<ele>1003.6914</ele>
				<time>2023-10-22T13:41:46Z</time>
				<desc>Vitesse : 135 kmh
Altitude : 3293 ft
Latitude : 43.642579
Longitude : 1.223026
Cap : 150°
</desc>
			</trkpt>
			<trkpt lat="43.64181290" lon="1.22385104">
				<ele>1003.0206</ele>
				<time>2023-10-22T13:41:49Z</time>
				<desc>Vitesse : 123 kmh
Altitude : 3291 ft
Latitude : 43.641813
Longitude : 1.223851
Cap : 137°
</desc>
			</trkpt>
			<trkpt lat="43.64161178" lon="1.22423195">
				<ele>1002.2135</ele>
				<time>2023-10-22T13:41:50Z</time>
				<desc>Vitesse : 132 kmh
Altitude : 3288 ft
Latitude : 43.641612
Longitude : 1.224232
Cap : 124°
</desc>
			</trkpt>
			<trkpt lat="43.64127844" lon="1.22500946">
				<ele>999.3453</ele>
				<time>2023-10-22T13:41:52Z</time>
				<desc>Vitesse : 130 kmh
Altitude : 3279 ft
Latitude : 43.641278
Longitude : 1.225009
Cap : 113°
</desc>
			</trkpt>
			<trkpt lat="43.64117051" lon="1.22544002">
				<ele>997.3759</ele>
				<time>2023-10-22T13:41:53Z</time>
				<desc>Vitesse : 130 kmh
Altitude : 3272 ft
Latitude : 43.641171
Longitude : 1.225440
Cap : 107°
</desc>
			</trkpt>
			<trkpt lat="43.64105658" lon="1.22629125">
				<ele>992.0679</ele>
				<time>2023-10-22T13:41:55Z</time>
				<desc>Vitesse : 131 kmh
Altitude : 3255 ft
Latitude : 43.641057
Longitude : 1.226291
Cap : 095°
</desc>
			</trkpt>
			<trkpt lat="43.64104535" lon="1.22673722">
				<ele>991.8860</ele>
				<time>2023-10-22T13:41:56Z</time>
				<desc>Vitesse : 132 kmh
Altitude : 3254 ft
Latitude : 43.641045
Longitude : 1.226737
Cap : 089°
</desc>
			</trkpt>
			<trkpt lat="43.64107032" lon="1.22717984">
				<ele>991.7650</ele>
				<time>2023-10-22T13:41:57Z</time>
				<desc>Vitesse : 133 kmh
Altitude : 3254 ft
Latitude : 43.641070
Longitude : 1.227180
Cap : 083°
</desc>
			</trkpt>
			<trkpt lat="43.64112931" lon="1.22763502">
				<ele>991.8074</ele>
				<time>2023-10-22T13:41:58Z</time>
				<desc>Vitesse : 135 kmh
Altitude : 3254 ft
Latitude : 43.641129
Longitude : 1.227635
Cap : 077°
</desc>
			</trkpt>
			<trkpt lat="43.64121734" lon="1.22809032">
				<ele>991.6338</ele>
				<time>2023-10-22T13:41:59Z</time>
				<desc>Vitesse : 137 kmh
Altitude : 3253 ft
Latitude : 43.641217
Longitude : 1.228090
Cap : 072°
</desc>
			</trkpt>
			<trkpt lat="43.64133173" lon="1.22853491">
				<ele>991.9651</ele>
				<time>2023-10-22T13:42:00Z</time>
				<desc>Vitesse : 136 kmh
Altitude : 3254 ft
Latitude : 43.641332
Longitude : 1.228535
Cap : 066°
</desc>
			</trkpt>
			<trkpt lat="43.64150133" lon="1.22895491">
				<ele>991.1863</ele>
				<time>2023-10-22T13:42:01Z</time>
				<desc>Vitesse : 139 kmh
Altitude : 3252 ft
Latitude : 43.641501
Longitude : 1.228955
Cap : 059°
</desc>
			</trkpt>
			<trkpt lat="43.64170816" lon="1.22936445">
				<ele>991.1415</ele>
				<time>2023-10-22T13:42:02Z</time>
				<desc>Vitesse : 142 kmh
Altitude : 3252 ft
Latitude : 43.641708
Longitude : 1.229364
Cap : 052°
</desc>
			</trkpt>
			<trkpt lat="43.64193828" lon="1.22974145">
				<ele>991.6312</ele>
				<time>2023-10-22T13:42:03Z</time>
				<desc>Vitesse : 144 kmh
Altitude : 3253 ft
Latitude : 43.641938
Longitude : 1.229741
Cap : 047°
</desc>
			</trkpt>
			<trkpt lat="43.64220244" lon="1.23008255">
				<ele>992.3748</ele>
				<time>2023-10-22T13:42:04Z</time>
				<desc>Vitesse : 145 kmh
Altitude : 3256 ft
Latitude : 43.642202
Longitude : 1.230083
Cap : 041°
</desc>
			</trkpt>
			<trkpt lat="43.64248512" lon="1.23039481">
				<ele>993.2567</ele>
				<time>2023-10-22T13:42:05Z</time>
				<desc>Vitesse : 148 kmh
Altitude : 3259 ft
Latitude : 43.642485
Longitude : 1.230395
Cap : 035°
</desc>
			</trkpt>
			<trkpt lat="43.64280395" lon="1.23066694">
				<ele>993.7120</ele>
				<time>2023-10-22T13:42:06Z</time>
				<desc>Vitesse : 152 kmh
Altitude : 3260 ft
Latitude : 43.642804
Longitude : 1.230667
Cap : 029°
</desc>
			</trkpt>
			<trkpt lat="43.64315079" lon="1.23089107">
				<ele>993.7709</ele>
				<time>2023-10-22T13:42:07Z</time>
				<desc>Vitesse : 154 kmh
Altitude : 3260 ft
Latitude : 43.643151
Longitude : 1.230891
Cap : 023°
</desc>
			</trkpt>
			<trkpt lat="43.64351686" lon="1.23107642">
				<ele>994.0236</ele>
				<time>2023-10-22T13:42:08Z</time>
				<desc>Vitesse : 158 kmh
Altitude : 3261 ft
Latitude : 43.643517
Longitude : 1.231076
Cap : 017°
</desc>
			</trkpt>
			<trkpt lat="43.64390515" lon="1.23123389">
				<ele>992.5536</ele>
				<time>2023-10-22T13:42:09Z</time>
				<desc>Vitesse : 162 kmh
Altitude : 3256 ft
Latitude : 43.643905
Longitude : 1.231234
Cap : 012°
</desc>
			</trkpt>
			<trkpt lat="43.64471893" lon="1.23136888">
				<ele>993.3289</ele>
				<time>2023-10-22T13:42:11Z</time>
				<desc>Vitesse : 166 kmh
Altitude : 3259 ft
Latitude : 43.644719
Longitude : 1.231369
Cap : 002°
</desc>
			</trkpt>
			<trkpt lat="43.64513694" lon="1.23136182">
				<ele>993.6169</ele>
				<time>2023-10-22T13:42:12Z</time>
				<desc>Vitesse : 168 kmh
Altitude : 3260 ft
Latitude : 43.645137
Longitude : 1.231362
Cap : 358°
</desc>
			</trkpt>
			<trkpt lat="43.64555666" lon="1.23131023">
				<ele>994.8376</ele>
				<time>2023-10-22T13:42:13Z</time>
				<desc>Vitesse : 169 kmh
Altitude : 3264 ft
Latitude : 43.645557
Longitude : 1.231310
Cap : 352°
</desc>
			</trkpt>
			<trkpt lat="43.64597466" lon="1.23119862">
				<ele>995.3816</ele>
				<time>2023-10-22T13:42:14Z</time>
				<desc>Vitesse : 172 kmh
Altitude : 3266 ft
Latitude : 43.645975
Longitude : 1.231199
Cap : 346°
</desc>
			</trkpt>
			<trkpt lat="43.64638258" lon="1.23102447">
				<ele>996.7161</ele>
				<time>2023-10-22T13:42:15Z</time>
				<desc>Vitesse : 175 kmh
Altitude : 3270 ft
Latitude : 43.646383
Longitude : 1.231024
Cap : 341°
</desc>
			</trkpt>
			<trkpt lat="43.64720034" lon="1.23052537">
				<ele>1001.5969</ele>
				<time>2023-10-22T13:42:17Z</time>
				<desc>Vitesse : 177 kmh
Altitude : 3286 ft
Latitude : 43.647200
Longitude : 1.230525
Cap : 331°
</desc>
			</trkpt>
			<trkpt lat="43.64792517" lon="1.22986351">
				<ele>1004.2048</ele>
				<time>2023-10-22T13:42:19Z</time>
				<desc>Vitesse : 177 kmh
Altitude : 3295 ft
Latitude : 43.647925
Longitude : 1.229864
Cap : 325°
</desc>
			</trkpt>
			<trkpt lat="43.64825898" lon="1.22942557">
				<ele>1003.8827</ele>
				<time>2023-10-22T13:42:20Z</time>
				<desc>Vitesse : 184 kmh
Altitude : 3294 ft
Latitude : 43.648259
Longitude : 1.229426
Cap : 315°
</desc>
			</trkpt>
			<trkpt lat="43.64886713" lon="1.22846861">
				<ele>1000.8215</ele>
				<time>2023-10-22T13:42:22Z</time>
				<desc>Vitesse : 184 kmh
Altitude : 3284 ft
Latitude : 43.648867
Longitude : 1.228469
Cap : 308°
</desc>
			</trkpt>
			<trkpt lat="43.64937826" lon="1.22740258">
				<ele>994.7762</ele>
				<time>2023-10-22T13:42:24Z</time>
				<desc>Vitesse : 193 kmh
Altitude : 3264 ft
Latitude : 43.649378
Longitude : 1.227403
Cap : 300°
</desc>
			</trkpt>
			<trkpt lat="43.64978634" lon="1.22618359">
				<ele>987.4142</ele>
				<time>2023-10-22T13:42:26Z</time>
				<desc>Vitesse : 196 kmh
Altitude : 3240 ft
Latitude : 43.649786
Longitude : 1.226184
Cap : 291°
</desc>
			</trkpt>
			<trkpt lat="43.65005647" lon="1.22488772">
				<ele>986.8577</ele>
				<time>2023-10-22T13:42:28Z</time>
				<desc>Vitesse : 197 kmh
Altitude : 3238 ft
Latitude : 43.650056
Longitude : 1.224888
Cap : 281°
</desc>
			</trkpt>
			<trkpt lat="43.65017549" lon="1.22356981">
				<ele>989.7019</ele>
				<time>2023-10-22T13:42:30Z</time>
				<desc>Vitesse : 194 kmh
Altitude : 3247 ft
Latitude : 43.650175
Longitude : 1.223570
Cap : 272°
</desc>
			</trkpt>
			<trkpt lat="43.65015017" lon="1.22225654">
				<ele>992.0712</ele>
				<time>2023-10-22T13:42:32Z</time>
				<desc>Vitesse : 187 kmh
Altitude : 3255 ft
Latitude : 43.650150
Longitude : 1.222257
Cap : 265°
</desc>
			</trkpt>
			<trkpt lat="43.65008435" lon="1.22161379">
				<ele>993.4391</ele>
				<time>2023-10-22T13:42:33Z</time>
				<desc>Vitesse : 187 kmh
Altitude : 3259 ft
Latitude : 43.650084
Longitude : 1.221614
Cap : 260°
</desc>
			</trkpt>
			<trkpt lat="43.64986416" lon="1.22038965">
				<ele>992.2025</ele>
				<time>2023-10-22T13:42:35Z</time>
				<desc>Vitesse : 180 kmh
Altitude : 3255 ft
Latitude : 43.649864
Longitude : 1.220390
Cap : 250°
</desc>
			</trkpt>
			<trkpt lat="43.64931472" lon="1.21876398">
				<ele>993.6272</ele>
				<time>2023-10-22T13:42:38Z</time>
				<desc>Vitesse : 169 kmh
Altitude : 3260 ft
Latitude : 43.649315
Longitude : 1.218764
Cap : 242°
</desc>
			</trkpt>
			<trkpt lat="43.64903569" lon="1.21828664">
				<ele>993.4276</ele>
				<time>2023-10-22T13:42:39Z</time>
				<desc>Vitesse : 173 kmh
Altitude : 3259 ft
Latitude : 43.649036
Longitude : 1.218287
Cap : 236°
</desc>
			</trkpt>
			<trkpt lat="43.64842442" lon="1.21741044">
				<ele>993.5773</ele>
				<time>2023-10-22T13:42:41Z</time>
				<desc>Vitesse : 173 kmh
Altitude : 3260 ft
Latitude : 43.648424
Longitude : 1.217410
Cap : 225°
</desc>
			</trkpt>
			<trkpt lat="43.64775863" lon="1.21674983">
				<ele>995.2856</ele>
				<time>2023-10-22T13:42:43Z</time>
				<desc>Vitesse : 167 kmh
Altitude : 3265 ft
Latitude : 43.647759
Longitude : 1.216750
Cap : 211°
</desc>
			</trkpt>
			<trkpt lat="43.64701931" lon="1.21624941">
				<ele>994.6426</ele>
				<time>2023-10-22T13:42:45Z</time>
				<desc>Vitesse : 162 kmh
Altitude : 3263 ft
Latitude : 43.647019
Longitude : 1.216249
Cap : 204°
</desc>
			</trkpt>
			<trkpt lat="43.64665197" lon="1.21606497">
				<ele>995.3854</ele>
				<time>2023-10-22T13:42:46Z</time>
				<desc>Vitesse : 158 kmh
Altitude : 3266 ft
Latitude : 43.646652
Longitude : 1.216065
Cap : 198°
</desc>
			</trkpt>
			<trkpt lat="43.64587849" lon="1.21578299">
				<ele>994.6614</ele>
				<time>2023-10-22T13:42:48Z</time>
				<desc>Vitesse : 153 kmh
Altitude : 3263 ft
Latitude : 43.645878
Longitude : 1.215783
Cap : 190°
</desc>
			</trkpt>
			<trkpt lat="43.64514104" lon="1.21568991">
				<ele>997.5834</ele>
				<time>2023-10-22T13:42:50Z</time>
				<desc>Vitesse : 145 kmh
Altitude : 3273 ft
Latitude : 43.645141
Longitude : 1.215690
Cap : 181°
</desc>
			</trkpt>
			<trkpt lat="43.64443480" lon="1.21576957">
				<ele>1000.6752</ele>
				<time>2023-10-22T13:42:52Z</time>
				<desc>Vitesse : 137 kmh
Altitude : 3283 ft
Latitude : 43.644435
Longitude : 1.215770
Cap : 170°
</desc>
			</trkpt>
			<trkpt lat="43.64379270" lon="1.21600555">
				<ele>1002.9658</ele>
				<time>2023-10-22T13:42:54Z</time>
				<desc>Vitesse : 131 kmh
Altitude : 3291 ft
Latitude : 43.643793
Longitude : 1.216006
Cap : 159°
</desc>
			</trkpt>
			<trkpt lat="43.64348278" lon="1.21618453">
				<ele>1002.8091</ele>
				<time>2023-10-22T13:42:55Z</time>
				<desc>Vitesse : 129 kmh
Altitude : 3290 ft
Latitude : 43.643483
Longitude : 1.216185
Cap : 154°
</desc>
			</trkpt>
			<trkpt lat="43.64320354" lon="1.21639476">
				<ele>1003.0969</ele>
				<time>2023-10-22T13:42:56Z</time>
				<desc>Vitesse : 128 kmh
Altitude : 3291 ft
Latitude : 43.643204
Longitude : 1.216395
Cap : 148°
</desc>
			</trkpt>
			<trkpt lat="43.64293909" lon="1.21663862">
				<ele>1001.9009</ele>
				<time>2023-10-22T13:42:57Z</time>
				<desc>Vitesse : 128 kmh
Altitude : 3287 ft
Latitude : 43.642939
Longitude : 1.216639
Cap : 143°
</desc>
			</trkpt>
			<trkpt lat="43.64269699" lon="1.21691670">
				<ele>999.7979</ele>
				<time>2023-10-22T13:42:58Z</time>
				<desc>Vitesse : 126 kmh
Altitude : 3280 ft
Latitude : 43.642697
Longitude : 1.216917
Cap : 137°
</desc>
			</trkpt>
			<trkpt lat="43.64247891" lon="1.21722835">
				<ele>999.3860</ele>
				<time>2023-10-22T13:42:59Z</time>
				<desc>Vitesse : 125 kmh
Altitude : 3279 ft
Latitude : 43.642479
Longitude : 1.217228
Cap : 130°
</desc>
			</trkpt>
			<trkpt lat="43.64210234" lon="1.21791247">
				<ele>997.6921</ele>
				<time>2023-10-22T13:43:01Z</time>
				<desc>Vitesse : 127 kmh
Altitude : 3273 ft
Latitude : 43.642102
Longitude : 1.217912
Cap : 123°
</desc>
			</trkpt>
			<trkpt lat="43.64196261" lon="1.21830006">
				<ele>1001.4331</ele>
				<time>2023-10-22T13:43:02Z</time>
				<desc>Vitesse : 126 kmh
Altitude : 3286 ft
Latitude : 43.641963
Longitude : 1.218300
Cap : 116°
</desc>
			</trkpt>
			<trkpt lat="43.64183873" lon="1.21869107">
				<ele>1002.2573</ele>
				<time>2023-10-22T13:43:03Z</time>
				<desc>Vitesse : 126 kmh
Altitude : 3288 ft
Latitude : 43.641839
Longitude : 1.218691
Cap : 111°
</desc>
			</trkpt>
			<trkpt lat="43.64166210" lon="1.21954205">
				<ele>1001.9292</ele>
				<time>2023-10-22T13:43:05Z</time>
				<desc>Vitesse : 128 kmh
Altitude : 3287 ft
Latitude : 43.641662
Longitude : 1.219542
Cap : 100°
</desc>
			</trkpt>
			<trkpt lat="43.64160752" lon="1.22043087">
				<ele>999.5863</ele>
				<time>2023-10-22T13:43:07Z</time>
				<desc>Vitesse : 133 kmh
Altitude : 3279 ft
Latitude : 43.641608
Longitude : 1.220431
Cap : 090°
</desc>
			</trkpt>
			<trkpt lat="43.64167197" lon="1.22135926">
				<ele>996.7545</ele>
				<time>2023-10-22T13:43:09Z</time>
				<desc>Vitesse : 138 kmh
Altitude : 3270 ft
Latitude : 43.641672
Longitude : 1.221359
Cap : 079°
</desc>
			</trkpt>
			<trkpt lat="43.64184188" lon="1.22227261">
				<ele>995.7094</ele>
				<time>2023-10-22T13:43:11Z</time>
				<desc>Vitesse : 140 kmh
Altitude : 3267 ft
Latitude : 43.641842
Longitude : 1.222273
Cap : 070°
</desc>
			</trkpt>
			<trkpt lat="43.64197885" lon="1.22273737">
				<ele>994.4016</ele>
				<time>2023-10-22T13:43:12Z</time>
				<desc>Vitesse : 143 kmh
Altitude : 3262 ft
Latitude : 43.641979
Longitude : 1.222737
Cap : 065°
</desc>
			</trkpt>
			<trkpt lat="43.64216091" lon="1.22316419">
				<ele>993.7700</ele>
				<time>2023-10-22T13:43:13Z</time>
				<desc>Vitesse : 146 kmh
Altitude : 3260 ft
Latitude : 43.642161
Longitude : 1.223164
Cap : 060°
</desc>
			</trkpt>
			<trkpt lat="43.64257806" lon="1.22398949">
				<ele>994.5325</ele>
				<time>2023-10-22T13:43:15Z</time>
				<desc>Vitesse : 148 kmh
Altitude : 3263 ft
Latitude : 43.642578
Longitude : 1.223989
Cap : 050°
</desc>
			</trkpt>
			<trkpt lat="43.64309463" lon="1.22472592">
				<ele>995.2113</ele>
				<time>2023-10-22T13:43:17Z</time>
				<desc>Vitesse : 150 kmh
Altitude : 3265 ft
Latitude : 43.643095
Longitude : 1.224726
Cap : 041°
</desc>
			</trkpt>
			<trkpt lat="43.64371351" lon="1.22534713">
				<ele>995.2933</ele>
				<time>2023-10-22T13:43:19Z</time>
				<desc>Vitesse : 156 kmh
Altitude : 3265 ft
Latitude : 43.643714
Longitude : 1.225347
Cap : 031°
</desc>
			</trkpt>
			<trkpt lat="43.64442331" lon="1.22583408">
				<ele>995.1105</ele>
				<time>2023-10-22T13:43:21Z</time>
				<desc>Vitesse : 159 kmh
Altitude : 3265 ft
Latitude : 43.644423
Longitude : 1.225834
Cap : 022°
</desc>
			</trkpt>
			<trkpt lat="43.64479372" lon="1.22601084">
				<ele>995.6757</ele>
				<time>2023-10-22T13:43:22Z</time>
				<desc>Vitesse : 158 kmh
Altitude : 3267 ft
Latitude : 43.644794
Longitude : 1.226011
Cap : 017°
</desc>
			</trkpt>
			<trkpt lat="43.64558396" lon="1.22625251">
				<ele>996.1547</ele>
				<time>2023-10-22T13:43:24Z</time>
				<desc>Vitesse : 165 kmh
Altitude : 3268 ft
Latitude : 43.645584
Longitude : 1.226253
Cap : 007°
</desc>
			</trkpt>
			<trkpt lat="43.64640490" lon="1.22630807">
				<ele>998.3762</ele>
				<time>2023-10-22T13:43:26Z</time>
				<desc>Vitesse : 168 kmh
Altitude : 3276 ft
Latitude : 43.646405
Longitude : 1.226308
Cap : 358°
</desc>
			</trkpt>
			<trkpt lat="43.64725103" lon="1.22616671">
				<ele>999.8434</ele>
				<time>2023-10-22T13:43:28Z</time>
				<desc>Vitesse : 172 kmh
Altitude : 3280 ft
Latitude : 43.647251
Longitude : 1.226167
Cap : 349°
</desc>
			</trkpt>
			<trkpt lat="43.64808235" lon="1.22584826">
				<ele>1001.4882</ele>
				<time>2023-10-22T13:43:30Z</time>
				<desc>Vitesse : 176 kmh
Altitude : 3286 ft
Latitude : 43.648082
Longitude : 1.225848
Cap : 340°
</desc>
			</trkpt>
			<trkpt lat="43.64890296" lon="1.22535535">
				<ele>1001.9370</ele>
				<time>2023-10-22T13:43:32Z</time>
				<desc>Vitesse : 181 kmh
Altitude : 3287 ft
Latitude : 43.648903
Longitude : 1.225355
Cap : 332°
</desc>
			</trkpt>
			<trkpt lat="43.64965638" lon="1.22467083">
				<ele>1003.0869</ele>
				<time>2023-10-22T13:43:34Z</time>
				<desc>Vitesse : 185 kmh
Altitude : 3291 ft
Latitude : 43.649656
Longitude : 1.224671
Cap : 321°
</desc>
			</trkpt>
			<trkpt lat="43.65066375" lon="1.22334548">
				<ele>1007.3096</ele>
				<time>2023-10-22T13:43:37Z</time>
				<desc>Vitesse : 186 kmh
Altitude : 3305 ft
Latitude : 43.650664
Longitude : 1.223345
Cap : 309°
</desc>
			</trkpt>
			<trkpt lat="43.65121184" lon="1.22231687">
				<ele>1007.6738</ele>
				<time>2023-10-22T13:43:39Z</time>
				<desc>Vitesse : 185 kmh
Altitude : 3306 ft
Latitude : 43.651212
Longitude : 1.222317
Cap : 300°
</desc>
			</trkpt>
			<trkpt lat="43.65164493" lon="1.22116890">
				<ele>1005.5410</ele>
				<time>2023-10-22T13:43:41Z</time>
				<desc>Vitesse : 187 kmh
Altitude : 3299 ft
Latitude : 43.651645
Longitude : 1.221169
Cap : 293°
</desc>
			</trkpt>
			<trkpt lat="43.65195025" lon="1.21995909">
				<ele>1004.1012</ele>
				<time>2023-10-22T13:43:43Z</time>
				<desc>Vitesse : 185 kmh
Altitude : 3294 ft
Latitude : 43.651950
Longitude : 1.219959
Cap : 285°
</desc>
			</trkpt>
			<trkpt lat="43.65211737" lon="1.21873503">
				<ele>1001.7461</ele>
				<time>2023-10-22T13:43:45Z</time>
				<desc>Vitesse : 186 kmh
Altitude : 3287 ft
Latitude : 43.652117
Longitude : 1.218735
Cap : 276°
</desc>
			</trkpt>
			<trkpt lat="43.65214991" lon="1.21745117">
				<ele>1000.2070</ele>
				<time>2023-10-22T13:43:47Z</time>
				<desc>Vitesse : 187 kmh
Altitude : 3282 ft
Latitude : 43.652150
Longitude : 1.217451
Cap : 269°
</desc>
			</trkpt>
			<trkpt lat="43.65206504" lon="1.21616807">
				<ele>997.8657</ele>
				<time>2023-10-22T13:43:49Z</time>
				<desc>Vitesse : 186 kmh
Altitude : 3274 ft
Latitude : 43.652065
Longitude : 1.216168
Cap : 262°
</desc>
			</trkpt>
			<trkpt lat="43.65187745" lon="1.21490829">
				<ele>996.6489</ele>
				<time>2023-10-22T13:43:51Z</time>
				<desc>Vitesse : 186 kmh
Altitude : 3270 ft
Latitude : 43.651877
Longitude : 1.214908
Cap : 256°
</desc>
			</trkpt>
			<trkpt lat="43.65159876" lon="1.21369482">
				<ele>997.0607</ele>
				<time>2023-10-22T13:43:53Z</time>
				<desc>Vitesse : 184 kmh
Altitude : 3271 ft
Latitude : 43.651599
Longitude : 1.213695
Cap : 250°
</desc>
			</trkpt>
			<trkpt lat="43.65124538" lon="1.21256448">
				<ele>997.9486</ele>
				<time>2023-10-22T13:43:55Z</time>
				<desc>Vitesse : 178 kmh
Altitude : 3274 ft
Latitude : 43.651245
Longitude : 1.212564
Cap : 244°
</desc>
			</trkpt>
			<trkpt lat="43.65082035" lon="1.21149424">
				<ele>997.4447</ele>
				<time>2023-10-22T13:43:57Z</time>
				<desc>Vitesse : 176 kmh
Altitude : 3272 ft
Latitude : 43.650820
Longitude : 1.211494
Cap : 239°
</desc>
			</trkpt>
			<trkpt lat="43.65033055" lon="1.21051402">
				<ele>998.4358</ele>
				<time>2023-10-22T13:43:59Z</time>
				<desc>Vitesse : 171 kmh
Altitude : 3276 ft
Latitude : 43.650331
Longitude : 1.210514
Cap : 233°
</desc>
			</trkpt>
			<trkpt lat="43.64976479" lon="1.20964280">
				<ele>999.8508</ele>
				<time>2023-10-22T13:44:01Z</time>
				<desc>Vitesse : 167 kmh
Altitude : 3280 ft
Latitude : 43.649765
Longitude : 1.209643
Cap : 225°
</desc>
			</trkpt>
			<trkpt lat="43.64914449" lon="1.20890105">
				<ele>999.9756</ele>
				<time>2023-10-22T13:44:03Z</time>
				<desc>Vitesse : 163 kmh
Altitude : 3281 ft
Latitude : 43.649144
Longitude : 1.208901
Cap : 216°
</desc>
			</trkpt>
			<trkpt lat="43.64848524" lon="1.20830857">
				<ele>999.5101</ele>
				<time>2023-10-22T13:44:05Z</time>
				<desc>Vitesse : 158 kmh
Altitude : 3279 ft
Latitude : 43.648485
Longitude : 1.208309
Cap : 209°
</desc>
			</trkpt>
			<trkpt lat="43.64776790" lon="1.20783830">
				<ele>1000.0602</ele>
				<time>2023-10-22T13:44:07Z</time>
				<desc>Vitesse : 153 kmh
Altitude : 3281 ft
Latitude : 43.647768
Longitude : 1.207838
Cap : 201°
</desc>
			</trkpt>
			<trkpt lat="43.64704567" lon="1.20751207">
				<ele>1001.5383</ele>
				<time>2023-10-22T13:44:09Z</time>
				<desc>Vitesse : 147 kmh
Altitude : 3286 ft
Latitude : 43.647046
Longitude : 1.207512
Cap : 193°
</desc>
			</trkpt>
			<trkpt lat="43.64633660" lon="1.20736028">
				<ele>1005.0332</ele>
				<time>2023-10-22T13:44:11Z</time>
				<desc>Vitesse : 141 kmh
Altitude : 3297 ft
Latitude : 43.646337
Longitude : 1.207360
Cap : 185°
</desc>
			</trkpt>
			<trkpt lat="43.64565011" lon="1.20733611">
				<ele>1008.7762</ele>
				<time>2023-10-22T13:44:13Z</time>
				<desc>Vitesse : 135 kmh
Altitude : 3310 ft
Latitude : 43.645650
Longitude : 1.207336
Cap : 178°
</desc>
			</trkpt>
			<trkpt lat="43.64498895" lon="1.20743970">
				<ele>1012.1088</ele>
				<time>2023-10-22T13:44:15Z</time>
				<desc>Vitesse : 130 kmh
Altitude : 3321 ft
Latitude : 43.644989
Longitude : 1.207440
Cap : 170°
</desc>
			</trkpt>
			<trkpt lat="43.64438128" lon="1.20767668">
				<ele>1014.1962</ele>
				<time>2023-10-22T13:44:17Z</time>
				<desc>Vitesse : 128 kmh
Altitude : 3327 ft
Latitude : 43.644381
Longitude : 1.207677
Cap : 160°
</desc>
			</trkpt>
			<trkpt lat="43.64379875" lon="1.20804270">
				<ele>1013.9847</ele>
				<time>2023-10-22T13:44:19Z</time>
				<desc>Vitesse : 127 kmh
Altitude : 3327 ft
Latitude : 43.643799
Longitude : 1.208043
Cap : 151°
</desc>
			</trkpt>
			<trkpt lat="43.64327113" lon="1.20852645">
				<ele>1012.9398</ele>
				<time>2023-10-22T13:44:21Z</time>
				<desc>Vitesse : 125 kmh
Altitude : 3323 ft
Latitude : 43.643271
Longitude : 1.208526
Cap : 142°
</desc>
			</trkpt>
			<trkpt lat="43.64280005" lon="1.20910008">
				<ele>1012.1549</ele>
				<time>2023-10-22T13:44:23Z</time>
				<desc>Vitesse : 124 kmh
Altitude : 3321 ft
Latitude : 43.642800
Longitude : 1.209100
Cap : 134°
</desc>
			</trkpt>
			<trkpt lat="43.64258877" lon="1.20943733">
				<ele>1011.9279</ele>
				<time>2023-10-22T13:44:24Z</time>
				<desc>Vitesse : 128 kmh
Altitude : 3320 ft
Latitude : 43.642589
Longitude : 1.209437
Cap : 128°
</desc>
			</trkpt>
			<trkpt lat="43.64223212" lon="1.21016719">
				<ele>1010.3976</ele>
				<time>2023-10-22T13:44:26Z</time>
				<desc>Vitesse : 129 kmh
Altitude : 3315 ft
Latitude : 43.642232
Longitude : 1.210167
Cap : 120°
</desc>
			</trkpt>
			<trkpt lat="43.64196279" lon="1.21095692">
				<ele>1008.0168</ele>
				<time>2023-10-22T13:44:28Z</time>
				<desc>Vitesse : 131 kmh
Altitude : 3307 ft
Latitude : 43.641963
Longitude : 1.210957
Cap : 111°
</desc>
			</trkpt>
			<trkpt lat="43.64177931" lon="1.21181977">
				<ele>1007.4886</ele>
				<time>2023-10-22T13:44:30Z</time>
				<desc>Vitesse : 132 kmh
Altitude : 3305 ft
Latitude : 43.641779
Longitude : 1.211820
Cap : 102°
</desc>
			</trkpt>
			<trkpt lat="43.64167184" lon="1.21272770">
				<ele>1005.5006</ele>
				<time>2023-10-22T13:44:32Z</time>
				<desc>Vitesse : 136 kmh
Altitude : 3299 ft
Latitude : 43.641672
Longitude : 1.212728
Cap : 095°
</desc>
			</trkpt>
			<trkpt lat="43.64164313" lon="1.21365671">
				<ele>1002.5162</ele>
				<time>2023-10-22T13:44:34Z</time>
				<desc>Vitesse : 139 kmh
Altitude : 3289 ft
Latitude : 43.641643
Longitude : 1.213657
Cap : 088°
</desc>
			</trkpt>
			<trkpt lat="43.64171459" lon="1.21462498">
				<ele>1001.1782</ele>
				<time>2023-10-22T13:44:36Z</time>
				<desc>Vitesse : 143 kmh
Altitude : 3285 ft
Latitude : 43.641715
Longitude : 1.214625
Cap : 081°
</desc>
			</trkpt>
			<trkpt lat="43.64186209" lon="1.21560220">
				<ele>999.9576</ele>
				<time>2023-10-22T13:44:38Z</time>
				<desc>Vitesse : 145 kmh
Altitude : 3281 ft
Latitude : 43.641862
Longitude : 1.215602
Cap : 074°
</desc>
			</trkpt>
			<trkpt lat="43.64212857" lon="1.21658324">
				<ele>999.4607</ele>
				<time>2023-10-22T13:44:40Z</time>
				<desc>Vitesse : 149 kmh
Altitude : 3279 ft
Latitude : 43.642129
Longitude : 1.216583
Cap : 066°
</desc>
			</trkpt>
			<trkpt lat="43.64249526" lon="1.21749147">
				<ele>1000.3480</ele>
				<time>2023-10-22T13:44:42Z</time>
				<desc>Vitesse : 152 kmh
Altitude : 3282 ft
Latitude : 43.642495
Longitude : 1.217491
Cap : 057°
</desc>
			</trkpt>
			<trkpt lat="43.64295763" lon="1.21833189">
				<ele>1001.2756</ele>
				<time>2023-10-22T13:44:44Z</time>
				<desc>Vitesse : 155 kmh
Altitude : 3285 ft
Latitude : 43.642958
Longitude : 1.218332
Cap : 049°
</desc>
			</trkpt>
			<trkpt lat="43.64351068" lon="1.21908693">
				<ele>1001.7156</ele>
				<time>2023-10-22T13:44:46Z</time>
				<desc>Vitesse : 157 kmh
Altitude : 3286 ft
Latitude : 43.643511
Longitude : 1.219087
Cap : 041°
</desc>
			</trkpt>
			<trkpt lat="43.64415439" lon="1.21974079">
				<ele>1000.4336</ele>
				<time>2023-10-22T13:44:48Z</time>
				<desc>Vitesse : 162 kmh
Altitude : 3282 ft
Latitude : 43.644154
Longitude : 1.219741
Cap : 032°
</desc>
			</trkpt>
			<trkpt lat="43.64488094" lon="1.22027892">
				<ele>998.3527</ele>
				<time>2023-10-22T13:44:50Z</time>
				<desc>Vitesse : 167 kmh
Altitude : 3275 ft
Latitude : 43.644881
Longitude : 1.220279
Cap : 024°
</desc>
			</trkpt>
			<trkpt lat="43.64568194" lon="1.22065760">
				<ele>995.8865</ele>
				<time>2023-10-22T13:44:52Z</time>
				<desc>Vitesse : 172 kmh
Altitude : 3267 ft
Latitude : 43.645682
Longitude : 1.220658
Cap : 015°
</desc>
			</trkpt>
			<trkpt lat="43.64652475" lon="1.22086626">
				<ele>995.5712</ele>
				<time>2023-10-22T13:44:54Z</time>
				<desc>Vitesse : 177 kmh
Altitude : 3266 ft
Latitude : 43.646525
Longitude : 1.220866
Cap : 006°
</desc>
			</trkpt>
			<trkpt lat="43.64696351" lon="1.22090167">
				<ele>995.6459</ele>
				<time>2023-10-22T13:44:55Z</time>
				<desc>Vitesse : 178 kmh
Altitude : 3267 ft
Latitude : 43.646964
Longitude : 1.220902
Cap : 001°
</desc>
			</trkpt>
			<trkpt lat="43.64741976" lon="1.22088033">
				<ele>994.6292</ele>
				<time>2023-10-22T13:44:56Z</time>
				<desc>Vitesse : 183 kmh
Altitude : 3263 ft
Latitude : 43.647420
Longitude : 1.220880
Cap : 355°
</desc>
			</trkpt>
			<trkpt lat="43.64831223" lon="1.22066521">
				<ele>996.3978</ele>
				<time>2023-10-22T13:44:58Z</time>
				<desc>Vitesse : 184 kmh
Altitude : 3269 ft
Latitude : 43.648312
Longitude : 1.220665
Cap : 346°
</desc>
			</trkpt>
			<trkpt lat="43.64874969" lon="1.22047986">
				<ele>996.9327</ele>
				<time>2023-10-22T13:44:59Z</time>
				<desc>Vitesse : 182 kmh
Altitude : 3271 ft
Latitude : 43.648750
Longitude : 1.220480
Cap : 340°
</desc>
			</trkpt>
			<trkpt lat="43.64958343" lon="1.21993418">
				<ele>999.1089</ele>
				<time>2023-10-22T13:45:01Z</time>
				<desc>Vitesse : 188 kmh
Altitude : 3278 ft
Latitude : 43.649583
Longitude : 1.219934
Cap : 330°
</desc>
			</trkpt>
			<trkpt lat="43.65105359" lon="1.21829819">
				<ele>1001.2405</ele>
				<time>2023-10-22T13:45:05Z</time>
				<desc>Vitesse : 194 kmh
Altitude : 3285 ft
Latitude : 43.651054
Longitude : 1.218298
Cap : 311°
</desc>
			</trkpt>
			<trkpt lat="43.65167952" lon="1.21727776">
				<ele>1003.3427</ele>
				<time>2023-10-22T13:45:07Z</time>
				<desc>Vitesse : 194 kmh
Altitude : 3292 ft
Latitude : 43.651680
Longitude : 1.217278
Cap : 305°
</desc>
			</trkpt>
			<trkpt lat="43.65239265" lon="1.21550940">
				<ele>1003.2189</ele>
				<time>2023-10-22T13:45:10Z</time>
				<desc>Vitesse : 197 kmh
Altitude : 3291 ft
Latitude : 43.652393
Longitude : 1.215509
Cap : 292°
</desc>
			</trkpt>
			<trkpt lat="43.65271672" lon="1.21421798">
				<ele>1004.0345</ele>
				<time>2023-10-22T13:45:12Z</time>
				<desc>Vitesse : 198 kmh
Altitude : 3294 ft
Latitude : 43.652717
Longitude : 1.214218
Cap : 284°
</desc>
			</trkpt>
			<trkpt lat="43.65288430" lon="1.21290625">
				<ele>1003.4072</ele>
				<time>2023-10-22T13:45:14Z</time>
				<desc>Vitesse : 197 kmh
Altitude : 3292 ft
Latitude : 43.652884
Longitude : 1.212906
Cap : 276°
</desc>
			</trkpt>
			<trkpt lat="43.65290512" lon="1.21222912">
				<ele>1006.1022</ele>
				<time>2023-10-22T13:45:15Z</time>
				<desc>Vitesse : 196 kmh
Altitude : 3301 ft
Latitude : 43.652905
Longitude : 1.212229
Cap : 270°
</desc>
			</trkpt>
			<trkpt lat="43.65283881" lon="1.21090567">
				<ele>1006.0580</ele>
				<time>2023-10-22T13:45:17Z</time>
				<desc>Vitesse : 193 kmh
Altitude : 3301 ft
Latitude : 43.652839
Longitude : 1.210906
Cap : 261°
</desc>
			</trkpt>
			<trkpt lat="43.65274589" lon="1.21024344">
				<ele>1005.5874</ele>
				<time>2023-10-22T13:45:18Z</time>
				<desc>Vitesse : 196 kmh
Altitude : 3299 ft
Latitude : 43.652746
Longitude : 1.210243
Cap : 256°
</desc>
			</trkpt>
			<trkpt lat="43.65243353" lon="1.20901549">
				<ele>1007.4961</ele>
				<time>2023-10-22T13:45:20Z</time>
				<desc>Vitesse : 190 kmh
Altitude : 3305 ft
Latitude : 43.652434
Longitude : 1.209015
Cap : 246°
</desc>
			</trkpt>
			<trkpt lat="43.65196584" lon="1.20789478">
				<ele>1009.7863</ele>
				<time>2023-10-22T13:45:22Z</time>
				<desc>Vitesse : 183 kmh
Altitude : 3313 ft
Latitude : 43.651966
Longitude : 1.207895
Cap : 234°
</desc>
			</trkpt>
			<trkpt lat="43.65138910" lon="1.20695492">
				<ele>1012.0195</ele>
				<time>2023-10-22T13:45:24Z</time>
				<desc>Vitesse : 174 kmh
Altitude : 3320 ft
Latitude : 43.651389
Longitude : 1.206955
Cap : 224°
</desc>
			</trkpt>
			<trkpt lat="43.65073005" lon="1.20620845">
				<ele>1012.5962</ele>
				<time>2023-10-22T13:45:26Z</time>
				<desc>Vitesse : 167 kmh
Altitude : 3322 ft
Latitude : 43.650730
Longitude : 1.206208
Cap : 214°
</desc>
			</trkpt>
			<trkpt lat="43.65037019" lon="1.20591496">
				<ele>1012.9731</ele>
				<time>2023-10-22T13:45:27Z</time>
				<desc>Vitesse : 164 kmh
Altitude : 3323 ft
Latitude : 43.650370
Longitude : 1.205915
Cap : 208°
</desc>
			</trkpt>
			<trkpt lat="43.65000712" lon="1.20567333">
				<ele>1011.2772</ele>
				<time>2023-10-22T13:45:28Z</time>
				<desc>Vitesse : 161 kmh
Altitude : 3318 ft
Latitude : 43.650007
Longitude : 1.205673
Cap : 202°
</desc>
			</trkpt>
			<trkpt lat="43.64962879" lon="1.20548562">
				<ele>1010.1703</ele>
				<time>2023-10-22T13:45:29Z</time>
				<desc>Vitesse : 158 kmh
Altitude : 3314 ft
Latitude : 43.649629
Longitude : 1.205486
Cap : 196°
</desc>
			</trkpt>
			<trkpt lat="43.64924884" lon="1.20535175">
				<ele>1007.5193</ele>
				<time>2023-10-22T13:45:30Z</time>
				<desc>Vitesse : 155 kmh
Altitude : 3306 ft
Latitude : 43.649249
Longitude : 1.205352
Cap : 190°
</desc>
			</trkpt>
			<trkpt lat="43.64886905" lon="1.20527690">
				<ele>1005.9767</ele>
				<time>2023-10-22T13:45:31Z</time>
				<desc>Vitesse : 152 kmh
Altitude : 3300 ft
Latitude : 43.648869
Longitude : 1.205277
Cap : 185°
</desc>
			</trkpt>
			<trkpt lat="43.64848723" lon="1.20527439">
				<ele>1003.9749</ele>
				<time>2023-10-22T13:45:32Z</time>
				<desc>Vitesse : 153 kmh
Altitude : 3294 ft
Latitude : 43.648487
Longitude : 1.205274
Cap : 178°
</desc>
			</trkpt>
			<trkpt lat="43.64811350" lon="1.20531567">
				<ele>1002.8696</ele>
				<time>2023-10-22T13:45:33Z</time>
				<desc>Vitesse : 149 kmh
Altitude : 3290 ft
Latitude : 43.648114
Longitude : 1.205316
Cap : 173°
</desc>
			</trkpt>
			<trkpt lat="43.64773954" lon="1.20540016">
				<ele>1000.0521</ele>
				<time>2023-10-22T13:45:34Z</time>
				<desc>Vitesse : 149 kmh
Altitude : 3281 ft
Latitude : 43.647740
Longitude : 1.205400
Cap : 167°
</desc>
			</trkpt>
			<trkpt lat="43.64738667" lon="1.20554016">
				<ele>998.5713</ele>
				<time>2023-10-22T13:45:35Z</time>
				<desc>Vitesse : 148 kmh
Altitude : 3276 ft
Latitude : 43.647387
Longitude : 1.205540
Cap : 161°
</desc>
			</trkpt>
			<trkpt lat="43.64704259" lon="1.20573206">
				<ele>996.8082</ele>
				<time>2023-10-22T13:45:36Z</time>
				<desc>Vitesse : 147 kmh
Altitude : 3270 ft
Latitude : 43.647043
Longitude : 1.205732
Cap : 156°
</desc>
			</trkpt>
			<trkpt lat="43.64671748" lon="1.20597022">
				<ele>997.0398</ele>
				<time>2023-10-22T13:45:37Z</time>
				<desc>Vitesse : 146 kmh
Altitude : 3271 ft
Latitude : 43.646717
Longitude : 1.205970
Cap : 150°
</desc>
			</trkpt>
			<trkpt lat="43.64641729" lon="1.20623638">
				<ele>997.9938</ele>
				<time>2023-10-22T13:45:38Z</time>
				<desc>Vitesse : 144 kmh
Altitude : 3274 ft
Latitude : 43.646417
Longitude : 1.206236
Cap : 144°
</desc>
			</trkpt>
			<trkpt lat="43.64613532" lon="1.20654885">
				<ele>998.0627</ele>
				<time>2023-10-22T13:45:39Z</time>
				<desc>Vitesse : 142 kmh
Altitude : 3274 ft
Latitude : 43.646135
Longitude : 1.206549
Cap : 139°
</desc>
			</trkpt>
			<trkpt lat="43.64562885" lon="1.20723734">
				<ele>997.9301</ele>
				<time>2023-10-22T13:45:41Z</time>
				<desc>Vitesse : 141 kmh
Altitude : 3274 ft
Latitude : 43.645629
Longitude : 1.207237
Cap : 132°
</desc>
			</trkpt>
			<trkpt lat="43.64454861" lon="1.20915054">
				<ele>995.8862</ele>
				<time>2023-10-22T13:45:46Z</time>
				<desc>Vitesse : 141 kmh
Altitude : 3267 ft
Latitude : 43.644549
Longitude : 1.209151
Cap : 125°
</desc>
			</trkpt>
			<trkpt lat="43.64360396" lon="1.21124666">
				<ele>995.2820</ele>
				<time>2023-10-22T13:45:51Z</time>
				<desc>Vitesse : 140 kmh
Altitude : 3265 ft
Latitude : 43.643604
Longitude : 1.211247
Cap : 118°
</desc>
			</trkpt>
			<trkpt lat="43.64272546" lon="1.21391405">
				<ele>995.6713</ele>
				<time>2023-10-22T13:45:57Z</time>
				<desc>Vitesse : 143 kmh
Altitude : 3267 ft
Latitude : 43.642725
Longitude : 1.213914
Cap : 112°
</desc>
			</trkpt>
			<trkpt lat="43.64101247" lon="1.22101876">
				<ele>985.0350</ele>
				<time>2023-10-22T13:46:12Z</time>
				<desc>Vitesse : 147 kmh
Altitude : 3232 ft
Latitude : 43.641012
Longitude : 1.221019
Cap : 108°
</desc>
			</trkpt>
			<trkpt lat="43.64034429" lon="1.22337428">
				<ele>983.7357</ele>
				<time>2023-10-22T13:46:17Z</time>
				<desc>Vitesse : 148 kmh
Altitude : 3227 ft
Latitude : 43.640344
Longitude : 1.223374
Cap : 115°
</desc>
			</trkpt>
			<trkpt lat="43.63947489" lon="1.22569501">
				<ele>978.5298</ele>
				<time>2023-10-22T13:46:22Z</time>
				<desc>Vitesse : 154 kmh
Altitude : 3210 ft
Latitude : 43.639475
Longitude : 1.225695
Cap : 120°
</desc>
			</trkpt>
			<trkpt lat="43.63660368" lon="1.23217020">
				<ele>964.9041</ele>
				<time>2023-10-22T13:46:36Z</time>
				<desc>Vitesse : 155 kmh
Altitude : 3166 ft
Latitude : 43.636604
Longitude : 1.232170
Cap : 120°
</desc>
			</trkpt>
			<trkpt lat="43.63393328" lon="1.23891760">
				<ele>960.5116</ele>
				<time>2023-10-22T13:46:50Z</time>
				<desc>Vitesse : 162 kmh
Altitude : 3151 ft
Latitude : 43.633933
Longitude : 1.238918
Cap : 118°
</desc>
			</trkpt>
			<trkpt lat="43.63121411" lon="1.24591027">
				<ele>967.8827</ele>
				<time>2023-10-22T13:47:04Z</time>
				<desc>Vitesse : 170 kmh
Altitude : 3175 ft
Latitude : 43.631214
Longitude : 1.245910
Cap : 117°
</desc>
			</trkpt>
			<trkpt lat="43.62851362" lon="1.25273014">
				<ele>977.8959</ele>
				<time>2023-10-22T13:47:17Z</time>
				<desc>Vitesse : 173 kmh
Altitude : 3208 ft
Latitude : 43.628514
Longitude : 1.252730
Cap : 119°
</desc>
			</trkpt>
			<trkpt lat="43.62574975" lon="1.25953885">
				<ele>981.6832</ele>
				<time>2023-10-22T13:47:30Z</time>
				<desc>Vitesse : 180 kmh
Altitude : 3221 ft
Latitude : 43.625750
Longitude : 1.259539
Cap : 120°
</desc>
			</trkpt>
			<trkpt lat="43.62291695" lon="1.26603021">
				<ele>970.2849</ele>
				<time>2023-10-22T13:47:42Z</time>
				<desc>Vitesse : 185 kmh
Altitude : 3183 ft
Latitude : 43.622917
Longitude : 1.266030
Cap : 125°
</desc>
			</trkpt>
			<trkpt lat="43.62042021" lon="1.27048691">
				<ele>976.5967</ele>
				<time>2023-10-22T13:47:51Z</time>
				<desc>Vitesse : 178 kmh
Altitude : 3204 ft
Latitude : 43.620420
Longitude : 1.270487
Cap : 130°
</desc>
			</trkpt>
			<trkpt lat="43.61668217" lon="1.27654376">
				<ele>979.8867</ele>
				<time>2023-10-22T13:48:04Z</time>
				<desc>Vitesse : 176 kmh
Altitude : 3215 ft
Latitude : 43.616682
Longitude : 1.276544
Cap : 130°
</desc>
			</trkpt>
			<trkpt lat="43.61312441" lon="1.28214177">
				<ele>970.9426</ele>
				<time>2023-10-22T13:48:16Z</time>
				<desc>Vitesse : 185 kmh
Altitude : 3186 ft
Latitude : 43.613124
Longitude : 1.282142
Cap : 130°
</desc>
			</trkpt>
			<trkpt lat="43.60944735" lon="1.28835299">
				<ele>966.0435</ele>
				<time>2023-10-22T13:48:29Z</time>
				<desc>Vitesse : 178 kmh
Altitude : 3169 ft
Latitude : 43.609447
Longitude : 1.288353
Cap : 129°
</desc>
			</trkpt>
			<trkpt lat="43.60595410" lon="1.29414628">
				<ele>970.8969</ele>
				<time>2023-10-22T13:48:42Z</time>
				<desc>Vitesse : 163 kmh
Altitude : 3185 ft
Latitude : 43.605954
Longitude : 1.294146
Cap : 132°
</desc>
			</trkpt>
			<trkpt lat="43.60330259" lon="1.29817704">
				<ele>963.8397</ele>
				<time>2023-10-22T13:48:52Z</time>
				<desc>Vitesse : 154 kmh
Altitude : 3162 ft
Latitude : 43.603303
Longitude : 1.298177
Cap : 125°
</desc>
			</trkpt>
			<trkpt lat="43.60276006" lon="1.29951346">
				<ele>966.1707</ele>
				<time>2023-10-22T13:48:55Z</time>
				<desc>Vitesse : 148 kmh
Altitude : 3170 ft
Latitude : 43.602760
Longitude : 1.299513
Cap : 112°
</desc>
			</trkpt>
			<trkpt lat="43.60253181" lon="1.30043663">
				<ele>964.5896</ele>
				<time>2023-10-22T13:48:57Z</time>
				<desc>Vitesse : 140 kmh
Altitude : 3165 ft
Latitude : 43.602532
Longitude : 1.300437
Cap : 105°
</desc>
			</trkpt>
			<trkpt lat="43.60233970" lon="1.30195655">
				<ele>967.1000</ele>
				<time>2023-10-22T13:49:00Z</time>
				<desc>Vitesse : 147 kmh
Altitude : 3173 ft
Latitude : 43.602340
Longitude : 1.301957
Cap : 099°
</desc>
			</trkpt>
			<trkpt lat="43.60237897" lon="1.30245271">
				<ele>968.8945</ele>
				<time>2023-10-22T13:49:01Z</time>
				<desc>Vitesse : 142 kmh
Altitude : 3179 ft
Latitude : 43.602379
Longitude : 1.302453
Cap : 093°
</desc>
			</trkpt>
			<trkpt lat="43.60248531" lon="1.30351243">
				<ele>972.1824</ele>
				<time>2023-10-22T13:49:03Z</time>
				<desc>Vitesse : 152 kmh
Altitude : 3190 ft
Latitude : 43.602485
Longitude : 1.303512
Cap : 077°
</desc>
			</trkpt>
			<trkpt lat="43.60269454" lon="1.30453248">
				<ele>972.6489</ele>
				<time>2023-10-22T13:49:05Z</time>
				<desc>Vitesse : 155 kmh
Altitude : 3191 ft
Latitude : 43.602695
Longitude : 1.304532
Cap : 069°
</desc>
			</trkpt>
			<trkpt lat="43.60300491" lon="1.30550855">
				<ele>974.4707</ele>
				<time>2023-10-22T13:49:07Z</time>
				<desc>Vitesse : 157 kmh
Altitude : 3197 ft
Latitude : 43.603005
Longitude : 1.305509
Cap : 062°
</desc>
			</trkpt>
			<trkpt lat="43.60499881" lon="1.31100245">
				<ele>956.5630</ele>
				<time>2023-10-22T13:49:18Z</time>
				<desc>Vitesse : 170 kmh
Altitude : 3138 ft
Latitude : 43.604999
Longitude : 1.311002
Cap : 067°
</desc>
			</trkpt>
			<trkpt lat="43.60673582" lon="1.31624859">
				<ele>945.0417</ele>
				<time>2023-10-22T13:49:28Z</time>
				<desc>Vitesse : 162 kmh
Altitude : 3101 ft
Latitude : 43.606736
Longitude : 1.316249
Cap : 062°
</desc>
			</trkpt>
			<trkpt lat="43.60714824" lon="1.31722758">
				<ele>945.1880</ele>
				<time>2023-10-22T13:49:30Z</time>
				<desc>Vitesse : 161 kmh
Altitude : 3101 ft
Latitude : 43.607148
Longitude : 1.317228
Cap : 056°
</desc>
			</trkpt>
			<trkpt lat="43.60763247" lon="1.31813543">
				<ele>944.1981</ele>
				<time>2023-10-22T13:49:32Z</time>
				<desc>Vitesse : 164 kmh
Altitude : 3098 ft
Latitude : 43.607632
Longitude : 1.318135
Cap : 049°
</desc>
			</trkpt>
			<trkpt lat="43.60883313" lon="1.31972523">
				<ele>946.2886</ele>
				<time>2023-10-22T13:49:36Z</time>
				<desc>Vitesse : 168 kmh
Altitude : 3105 ft
Latitude : 43.608833
Longitude : 1.319725
Cap : 041°
</desc>
			</trkpt>
			<trkpt lat="43.61055216" lon="1.32147882">
				<ele>943.2347</ele>
				<time>2023-10-22T13:49:41Z</time>
				<desc>Vitesse : 173 kmh
Altitude : 3095 ft
Latitude : 43.610552
Longitude : 1.321479
Cap : 034°
</desc>
			</trkpt>
			<trkpt lat="43.61254853" lon="1.32309094">
				<ele>941.3074</ele>
				<time>2023-10-22T13:49:46Z</time>
				<desc>Vitesse : 182 kmh
Altitude : 3088 ft
Latitude : 43.612549
Longitude : 1.323091
Cap : 028°
</desc>
			</trkpt>
			<trkpt lat="43.61503408" lon="1.32462452">
				<ele>938.4143</ele>
				<time>2023-10-22T13:49:52Z</time>
				<desc>Vitesse : 183 kmh
Altitude : 3079 ft
Latitude : 43.615034
Longitude : 1.324625
Cap : 023°
</desc>
			</trkpt>
			<trkpt lat="43.62039140" lon="1.32747548">
				<ele>932.4448</ele>
				<time>2023-10-22T13:50:04Z</time>
				<desc>Vitesse : 198 kmh
Altitude : 3059 ft
Latitude : 43.620391
Longitude : 1.327475
Cap : 020°
</desc>
			</trkpt>
			<trkpt lat="43.62564062" lon="1.32971563">
				<ele>928.9556</ele>
				<time>2023-10-22T13:50:15Z</time>
				<desc>Vitesse : 200 kmh
Altitude : 3048 ft
Latitude : 43.625641
Longitude : 1.329716
Cap : 016°
</desc>
			</trkpt>
			<trkpt lat="43.63109278" lon="1.33193329">
				<ele>929.2476</ele>
				<time>2023-10-22T13:50:26Z</time>
				<desc>Vitesse : 207 kmh
Altitude : 3049 ft
Latitude : 43.631093
Longitude : 1.331933
Cap : 017°
</desc>
			</trkpt>
			<trkpt lat="43.63674711" lon="1.33426904">
				<ele>926.6409</ele>
				<time>2023-10-22T13:50:37Z</time>
				<desc>Vitesse : 216 kmh
Altitude : 3040 ft
Latitude : 43.636747
Longitude : 1.334269
Cap : 017°
</desc>
			</trkpt>
			<trkpt lat="43.64194802" lon="1.33658817">
				<ele>922.3115</ele>
				<time>2023-10-22T13:50:47Z</time>
				<desc>Vitesse : 220 kmh
Altitude : 3026 ft
Latitude : 43.641948
Longitude : 1.336588
Cap : 021°
</desc>
			</trkpt>
			<trkpt lat="43.64342327" lon="1.33751093">
				<ele>917.8270</ele>
				<time>2023-10-22T13:50:50Z</time>
				<desc>Vitesse : 216 kmh
Altitude : 3011 ft
Latitude : 43.643423
Longitude : 1.337511
Cap : 027°
</desc>
			</trkpt>
			<trkpt lat="43.64480461" lon="1.33860542">
				<ele>913.6462</ele>
				<time>2023-10-22T13:50:53Z</time>
				<desc>Vitesse : 211 kmh
Altitude : 2998 ft
Latitude : 43.644805
Longitude : 1.338605
Cap : 034°
</desc>
			</trkpt>
			<trkpt lat="43.64563917" lon="1.33948266">
				<ele>913.9995</ele>
				<time>2023-10-22T13:50:55Z</time>
				<desc>Vitesse : 208 kmh
Altitude : 2999 ft
Latitude : 43.645639
Longitude : 1.339483
Cap : 041°
</desc>
			</trkpt>
			<trkpt lat="43.64669247" lon="1.34103504">
				<ele>911.3748</ele>
				<time>2023-10-22T13:50:58Z</time>
				<desc>Vitesse : 203 kmh
Altitude : 2990 ft
Latitude : 43.646692
Longitude : 1.341035
Cap : 054°
</desc>
			</trkpt>
			<trkpt lat="43.64778248" lon="1.34341367">
				<ele>906.4940</ele>
				<time>2023-10-22T13:51:02Z</time>
				<desc>Vitesse : 210 kmh
Altitude : 2974 ft
Latitude : 43.647782
Longitude : 1.343414
Cap : 061°
</desc>
			</trkpt>
			<trkpt lat="43.64862974" lon="1.34598445">
				<ele>906.8792</ele>
				<time>2023-10-22T13:51:06Z</time>
				<desc>Vitesse : 207 kmh
Altitude : 2975 ft
Latitude : 43.648630
Longitude : 1.345984
Cap : 067°
</desc>
			</trkpt>
			<trkpt lat="43.64874911" lon="1.34665546">
				<ele>906.8171</ele>
				<time>2023-10-22T13:51:07Z</time>
				<desc>Vitesse : 206 kmh
Altitude : 2975 ft
Latitude : 43.648749
Longitude : 1.346655
Cap : 074°
</desc>
			</trkpt>
			<trkpt lat="43.64908796" lon="1.34871955">
				<ele>904.0939</ele>
				<time>2023-10-22T13:51:10Z</time>
				<desc>Vitesse : 206 kmh
Altitude : 2966 ft
Latitude : 43.649088
Longitude : 1.348720
Cap : 079°
</desc>
			</trkpt>
			<trkpt lat="43.64942330" lon="1.35222060">
				<ele>900.0394</ele>
				<time>2023-10-22T13:51:15Z</time>
				<desc>Vitesse : 206 kmh
Altitude : 2953 ft
Latitude : 43.649423
Longitude : 1.352221
Cap : 085°
</desc>
			</trkpt>
			<trkpt lat="43.64957138" lon="1.35843965">
				<ele>896.9878</ele>
				<time>2023-10-22T13:51:24Z</time>
				<desc>Vitesse : 200 kmh
Altitude : 2943 ft
Latitude : 43.649571
Longitude : 1.358440
Cap : 092°
</desc>
			</trkpt>
			<trkpt lat="43.64938857" lon="1.36607101">
				<ele>885.6836</ele>
				<time>2023-10-22T13:51:35Z</time>
				<desc>Vitesse : 203 kmh
Altitude : 2906 ft
Latitude : 43.649389
Longitude : 1.366071
Cap : 093°
</desc>
			</trkpt>
			<trkpt lat="43.64936568" lon="1.36954856">
				<ele>887.8606</ele>
				<time>2023-10-22T13:51:40Z</time>
				<desc>Vitesse : 202 kmh
Altitude : 2913 ft
Latitude : 43.649366
Longitude : 1.369549
Cap : 087°
</desc>
			</trkpt>
			<trkpt lat="43.64959405" lon="1.37224394">
				<ele>889.2863</ele>
				<time>2023-10-22T13:51:44Z</time>
				<desc>Vitesse : 193 kmh
Altitude : 2918 ft
Latitude : 43.649594
Longitude : 1.372244
Cap : 081°
</desc>
			</trkpt>
			<trkpt lat="43.64991411" lon="1.37420886">
				<ele>891.0435</ele>
				<time>2023-10-22T13:51:47Z</time>
				<desc>Vitesse : 195 kmh
Altitude : 2923 ft
Latitude : 43.649914
Longitude : 1.374209
Cap : 075°
</desc>
			</trkpt>
			<trkpt lat="43.65163933" lon="1.38190678">
				<ele>900.3652</ele>
				<time>2023-10-22T13:51:59Z</time>
				<desc>Vitesse : 196 kmh
Altitude : 2954 ft
Latitude : 43.651639
Longitude : 1.381907
Cap : 072°
</desc>
			</trkpt>
			<trkpt lat="43.65334255" lon="1.38902927">
				<ele>900.9912</ele>
				<time>2023-10-22T13:52:10Z</time>
				<desc>Vitesse : 198 kmh
Altitude : 2956 ft
Latitude : 43.653343
Longitude : 1.389029
Cap : 071°
</desc>
			</trkpt>
			<trkpt lat="43.65459100" lon="1.39359362">
				<ele>900.8381</ele>
				<time>2023-10-22T13:52:17Z</time>
				<desc>Vitesse : 209 kmh
Altitude : 2956 ft
Latitude : 43.654591
Longitude : 1.393594
Cap : 066°
</desc>
			</trkpt>
			<trkpt lat="43.65716329" lon="1.40059621">
				<ele>899.6119</ele>
				<time>2023-10-22T13:52:28Z</time>
				<desc>Vitesse : 210 kmh
Altitude : 2951 ft
Latitude : 43.657163
Longitude : 1.400596
Cap : 062°
</desc>
			</trkpt>
			<trkpt lat="43.66001987" lon="1.40757805">
				<ele>902.1388</ele>
				<time>2023-10-22T13:52:39Z</time>
				<desc>Vitesse : 212 kmh
Altitude : 2960 ft
Latitude : 43.660020
Longitude : 1.407578
Cap : 059°
</desc>
			</trkpt>
			<trkpt lat="43.66313902" lon="1.41437714">
				<ele>903.2998</ele>
				<time>2023-10-22T13:52:50Z</time>
				<desc>Vitesse : 211 kmh
Altitude : 2964 ft
Latitude : 43.663139
Longitude : 1.414377
Cap : 057°
</desc>
			</trkpt>
			<trkpt lat="43.66632941" lon="1.42084728">
				<ele>899.6379</ele>
				<time>2023-10-22T13:53:01Z</time>
				<desc>Vitesse : 209 kmh
Altitude : 2952 ft
Latitude : 43.666329
Longitude : 1.420847
Cap : 054°
</desc>
			</trkpt>
			<trkpt lat="43.66989038" lon="1.42703723">
				<ele>900.2264</ele>
				<time>2023-10-22T13:53:12Z</time>
				<desc>Vitesse : 209 kmh
Altitude : 2953 ft
Latitude : 43.669890
Longitude : 1.427037
Cap : 051°
</desc>
			</trkpt>
			<trkpt lat="43.67349104" lon="1.43314433">
				<ele>897.7686</ele>
				<time>2023-10-22T13:53:23Z</time>
				<desc>Vitesse : 210 kmh
Altitude : 2945 ft
Latitude : 43.673491
Longitude : 1.433144
Cap : 051°
</desc>
			</trkpt>
			<trkpt lat="43.67704099" lon="1.43948737">
				<ele>906.0562</ele>
				<time>2023-10-22T13:53:34Z</time>
				<desc>Vitesse : 211 kmh
Altitude : 2973 ft
Latitude : 43.677041
Longitude : 1.439487
Cap : 054°
</desc>
			</trkpt>
			<trkpt lat="43.68032656" lon="1.44610376">
				<ele>897.1525</ele>
				<time>2023-10-22T13:53:45Z</time>
				<desc>Vitesse : 212 kmh
Altitude : 2943 ft
Latitude : 43.680327
Longitude : 1.446104
Cap : 058°
</desc>
			</trkpt>
			<trkpt lat="43.68343519" lon="1.45283103">
				<ele>886.5220</ele>
				<time>2023-10-22T13:53:56Z</time>
				<desc>Vitesse : 211 kmh
Altitude : 2909 ft
Latitude : 43.683435
Longitude : 1.452831
Cap : 058°
</desc>
			</trkpt>
			<trkpt lat="43.68648838" lon="1.45940699">
				<ele>877.3903</ele>
				<time>2023-10-22T13:54:07Z</time>
				<desc>Vitesse : 198 kmh
Altitude : 2879 ft
Latitude : 43.686488
Longitude : 1.459407
Cap : 057°
</desc>
			</trkpt>
			<trkpt lat="43.68957647" lon="1.46553232">
				<ele>892.2932</ele>
				<time>2023-10-22T13:54:18Z</time>
				<desc>Vitesse : 198 kmh
Altitude : 2927 ft
Latitude : 43.689576
Longitude : 1.465532
Cap : 054°
</desc>
			</trkpt>
			<trkpt lat="43.69303922" lon="1.47206585">
				<ele>900.8594</ele>
				<time>2023-10-22T13:54:30Z</time>
				<desc>Vitesse : 194 kmh
Altitude : 2956 ft
Latitude : 43.693039
Longitude : 1.472066
Cap : 053°
</desc>
			</trkpt>
			<trkpt lat="43.69650853" lon="1.47801426">
				<ele>905.2195</ele>
				<time>2023-10-22T13:54:41Z</time>
				<desc>Vitesse : 194 kmh
Altitude : 2970 ft
Latitude : 43.696509
Longitude : 1.478014
Cap : 051°
</desc>
			</trkpt>
			<trkpt lat="43.69992773" lon="1.48383122">
				<ele>892.7124</ele>
				<time>2023-10-22T13:54:52Z</time>
				<desc>Vitesse : 202 kmh
Altitude : 2929 ft
Latitude : 43.699928
Longitude : 1.483831
Cap : 052°
</desc>
			</trkpt>
			<trkpt lat="43.70110636" lon="1.48607577">
				<ele>889.8372</ele>
				<time>2023-10-22T13:54:56Z</time>
				<desc>Vitesse : 201 kmh
Altitude : 2919 ft
Latitude : 43.701106
Longitude : 1.486076
Cap : 058°
</desc>
			</trkpt>
			<trkpt lat="43.70185209" lon="1.48791216">
				<ele>881.4644</ele>
				<time>2023-10-22T13:54:59Z</time>
				<desc>Vitesse : 202 kmh
Altitude : 2892 ft
Latitude : 43.701852
Longitude : 1.487912
Cap : 065°
</desc>
			</trkpt>
			<trkpt lat="43.70239375" lon="1.48985114">
				<ele>875.4231</ele>
				<time>2023-10-22T13:55:02Z</time>
				<desc>Vitesse : 202 kmh
Altitude : 2872 ft
Latitude : 43.702394
Longitude : 1.489851
Cap : 071°
</desc>
			</trkpt>
			<trkpt lat="43.70293397" lon="1.49254315">
				<ele>874.7007</ele>
				<time>2023-10-22T13:55:06Z</time>
				<desc>Vitesse : 205 kmh
Altitude : 2870 ft
Latitude : 43.702934
Longitude : 1.492543
Cap : 078°
</desc>
			</trkpt>
			<trkpt lat="43.70324690" lon="1.49532211">
				<ele>872.4058</ele>
				<time>2023-10-22T13:55:10Z</time>
				<desc>Vitesse : 204 kmh
Altitude : 2862 ft
Latitude : 43.703247
Longitude : 1.495322
Cap : 084°
</desc>
			</trkpt>
			<trkpt lat="43.70347286" lon="1.50025394">
				<ele>871.5226</ele>
				<time>2023-10-22T13:55:17Z</time>
				<desc>Vitesse : 206 kmh
Altitude : 2859 ft
Latitude : 43.703473
Longitude : 1.500254
Cap : 089°
</desc>
			</trkpt>
			<trkpt lat="43.70328387" lon="1.50805220">
				<ele>875.4419</ele>
				<time>2023-10-22T13:55:28Z</time>
				<desc>Vitesse : 205 kmh
Altitude : 2872 ft
Latitude : 43.703284
Longitude : 1.508052
Cap : 093°
</desc>
			</trkpt>
			<trkpt lat="43.70307660" lon="1.51564892">
				<ele>879.4883</ele>
				<time>2023-10-22T13:55:39Z</time>
				<desc>Vitesse : 198 kmh
Altitude : 2885 ft
Latitude : 43.703077
Longitude : 1.515649
Cap : 092°
</desc>
			</trkpt>
			<trkpt lat="43.70298040" lon="1.52316971">
				<ele>883.7466</ele>
				<time>2023-10-22T13:55:50Z</time>
				<desc>Vitesse : 200 kmh
Altitude : 2899 ft
Latitude : 43.702980
Longitude : 1.523170
Cap : 090°
</desc>
			</trkpt>
			<trkpt lat="43.70285993" lon="1.53073740">
				<ele>869.1066</ele>
				<time>2023-10-22T13:56:01Z</time>
				<desc>Vitesse : 200 kmh
Altitude : 2851 ft
Latitude : 43.702860
Longitude : 1.530737
Cap : 092°
</desc>
			</trkpt>
			<trkpt lat="43.70276584" lon="1.53830110">
				<ele>863.6720</ele>
				<time>2023-10-22T13:56:12Z</time>
				<desc>Vitesse : 200 kmh
Altitude : 2834 ft
Latitude : 43.702766
Longitude : 1.538301
Cap : 090°
</desc>
			</trkpt>
			<trkpt lat="43.70283385" lon="1.54586494">
				<ele>859.6311</ele>
				<time>2023-10-22T13:56:23Z</time>
				<desc>Vitesse : 199 kmh
Altitude : 2820 ft
Latitude : 43.702834
Longitude : 1.545865
Cap : 093°
</desc>
			</trkpt>
			<trkpt lat="43.70272359" lon="1.54721643">
				<ele>859.3466</ele>
				<time>2023-10-22T13:56:25Z</time>
				<desc>Vitesse : 196 kmh
Altitude : 2819 ft
Latitude : 43.702724
Longitude : 1.547216
Cap : 099°
</desc>
			</trkpt>
			<trkpt lat="43.70222087" lon="1.54985319">
				<ele>854.2419</ele>
				<time>2023-10-22T13:56:29Z</time>
				<desc>Vitesse : 200 kmh
Altitude : 2803 ft
Latitude : 43.702221
Longitude : 1.549853
Cap : 110°
</desc>
			</trkpt>
			<trkpt lat="43.70138535" lon="1.55227435">
				<ele>852.9940</ele>
				<time>2023-10-22T13:56:33Z</time>
				<desc>Vitesse : 194 kmh
Altitude : 2799 ft
Latitude : 43.701385
Longitude : 1.552274
Cap : 117°
</desc>
			</trkpt>
			<trkpt lat="43.70105243" lon="1.55280833">
				<ele>852.3611</ele>
				<time>2023-10-22T13:56:34Z</time>
				<desc>Vitesse : 195 kmh
Altitude : 2796 ft
Latitude : 43.701052
Longitude : 1.552808
Cap : 123°
</desc>
			</trkpt>
			<trkpt lat="43.70016181" lon="1.55384752">
				<ele>850.1348</ele>
				<time>2023-10-22T13:56:36Z</time>
				<desc>Vitesse : 206 kmh
Altitude : 2789 ft
Latitude : 43.700162
Longitude : 1.553848
Cap : 133°
</desc>
			</trkpt>
			<trkpt lat="43.69974181" lon="1.55425786">
				<ele>842.2897</ele>
				<time>2023-10-22T13:56:37Z</time>
				<desc>Vitesse : 202 kmh
Altitude : 2763 ft
Latitude : 43.699742
Longitude : 1.554258
Cap : 142°
</desc>
			</trkpt>
			<trkpt lat="43.69852409" lon="1.55544502">
				<ele>835.8999</ele>
				<time>2023-10-22T13:56:40Z</time>
				<desc>Vitesse : 206 kmh
Altitude : 2742 ft
Latitude : 43.698524
Longitude : 1.555445
Cap : 149°
</desc>
			</trkpt>
			<trkpt lat="43.69714749" lon="1.55636930">
				<ele>826.7098</ele>
				<time>2023-10-22T13:56:43Z</time>
				<desc>Vitesse : 210 kmh
Altitude : 2712 ft
Latitude : 43.697147
Longitude : 1.556369
Cap : 161°
</desc>
			</trkpt>
			<trkpt lat="43.69566831" lon="1.55701802">
				<ele>815.7101</ele>
				<time>2023-10-22T13:56:46Z</time>
				<desc>Vitesse : 207 kmh
Altitude : 2676 ft
Latitude : 43.695668
Longitude : 1.557018
Cap : 166°
</desc>
			</trkpt>
			<trkpt lat="43.69413138" lon="1.55742417">
				<ele>803.3416</ele>
				<time>2023-10-22T13:56:49Z</time>
				<desc>Vitesse : 210 kmh
Altitude : 2636 ft
Latitude : 43.694131
Longitude : 1.557424
Cap : 172°
</desc>
			</trkpt>
			<trkpt lat="43.69360496" lon="1.55743969">
				<ele>796.6672</ele>
				<time>2023-10-22T13:56:50Z</time>
				<desc>Vitesse : 211 kmh
Altitude : 2614 ft
Latitude : 43.693605
Longitude : 1.557440
Cap : 178°
</desc>
			</trkpt>
			<trkpt lat="43.69202264" lon="1.55739072">
				<ele>788.0361</ele>
				<time>2023-10-22T13:56:53Z</time>
				<desc>Vitesse : 212 kmh
Altitude : 2585 ft
Latitude : 43.692023
Longitude : 1.557391
Cap : 185°
</desc>
			</trkpt>
			<trkpt lat="43.69045301" lon="1.55706857">
				<ele>777.3115</ele>
				<time>2023-10-22T13:56:56Z</time>
				<desc>Vitesse : 213 kmh
Altitude : 2550 ft
Latitude : 43.690453
Longitude : 1.557069
Cap : 193°
</desc>
			</trkpt>
			<trkpt lat="43.68890527" lon="1.55645335">
				<ele>768.2922</ele>
				<time>2023-10-22T13:56:59Z</time>
				<desc>Vitesse : 218 kmh
Altitude : 2521 ft
Latitude : 43.688905
Longitude : 1.556453
Cap : 199°
</desc>
			</trkpt>
			<trkpt lat="43.68380069" lon="1.55367066">
				<ele>736.5873</ele>
				<time>2023-10-22T13:57:09Z</time>
				<desc>Vitesse : 221 kmh
Altitude : 2417 ft
Latitude : 43.683801
Longitude : 1.553671
Cap : 201°
</desc>
			</trkpt>
			<trkpt lat="43.67876570" lon="1.55067074">
				<ele>710.6001</ele>
				<time>2023-10-22T13:57:19Z</time>
				<desc>Vitesse : 215 kmh
Altitude : 2331 ft
Latitude : 43.678766
Longitude : 1.550671
Cap : 203°
</desc>
			</trkpt>
			<trkpt lat="43.67350629" lon="1.54770037">
				<ele>692.9575</ele>
				<time>2023-10-22T13:57:30Z</time>
				<desc>Vitesse : 200 kmh
Altitude : 2273 ft
Latitude : 43.673506
Longitude : 1.547700
Cap : 202°
</desc>
			</trkpt>
			<trkpt lat="43.66846277" lon="1.54503126">
				<ele>656.0631</ele>
				<time>2023-10-22T13:57:41Z</time>
				<desc>Vitesse : 199 kmh
Altitude : 2152 ft
Latitude : 43.668463
Longitude : 1.545031
Cap : 201°
</desc>
			</trkpt>
			<trkpt lat="43.66324859" lon="1.54189351">
				<ele>624.0208</ele>
				<time>2023-10-22T13:57:52Z</time>
				<desc>Vitesse : 201 kmh
Altitude : 2047 ft
Latitude : 43.663249
Longitude : 1.541894
Cap : 206°
</desc>
			</trkpt>
			<trkpt lat="43.65815439" lon="1.53836488">
				<ele>601.5273</ele>
				<time>2023-10-22T13:58:04Z</time>
				<desc>Vitesse : 177 kmh
Altitude : 1974 ft
Latitude : 43.658154
Longitude : 1.538365
Cap : 206°
</desc>
			</trkpt>
			<trkpt lat="43.65540456" lon="1.53676674">
				<ele>594.2305</ele>
				<time>2023-10-22T13:58:11Z</time>
				<desc>Vitesse : 160 kmh
Altitude : 1950 ft
Latitude : 43.655405
Longitude : 1.536767
Cap : 199°
</desc>
			</trkpt>
			<trkpt lat="43.65501991" lon="1.53674445">
				<ele>596.9221</ele>
				<time>2023-10-22T13:58:12Z</time>
				<desc>Vitesse : 153 kmh
Altitude : 1958 ft
Latitude : 43.655020
Longitude : 1.536744
Cap : 184°
</desc>
			</trkpt>
			<trkpt lat="43.65362069" lon="1.53687421">
				<ele>596.6692</ele>
				<time>2023-10-22T13:58:16Z</time>
				<desc>Vitesse : 133 kmh
Altitude : 1958 ft
Latitude : 43.653621
Longitude : 1.536874
Cap : 169°
</desc>
			</trkpt>
			<trkpt lat="43.65298052" lon="1.53717130">
				<ele>598.7498</ele>
				<time>2023-10-22T13:58:18Z</time>
				<desc>Vitesse : 136 kmh
Altitude : 1964 ft
Latitude : 43.652981
Longitude : 1.537171
Cap : 164°
</desc>
			</trkpt>
			<trkpt lat="43.65277027" lon="1.53737303">
				<ele>598.3530</ele>
				<time>2023-10-22T13:58:19Z</time>
				<desc>Vitesse : 113 kmh
Altitude : 1963 ft
Latitude : 43.652770
Longitude : 1.537373
Cap : 157°
</desc>
			</trkpt>
			<trkpt lat="43.65251014" lon="1.53763261">
				<ele>598.5992</ele>
				<time>2023-10-22T13:58:20Z</time>
				<desc>Vitesse : 121 kmh
Altitude : 1964 ft
Latitude : 43.652510
Longitude : 1.537633
Cap : 152°
</desc>
			</trkpt>
			<trkpt lat="43.65195592" lon="1.53825337">
				<ele>599.8379</ele>
				<time>2023-10-22T13:58:22Z</time>
				<desc>Vitesse : 133 kmh
Altitude : 1968 ft
Latitude : 43.651956
Longitude : 1.538253
Cap : 146°
</desc>
			</trkpt>
			<trkpt lat="43.65175103" lon="1.53864381">
				<ele>598.4286</ele>
				<time>2023-10-22T13:58:23Z</time>
				<desc>Vitesse : 132 kmh
Altitude : 1963 ft
Latitude : 43.651751
Longitude : 1.538644
Cap : 140°
</desc>
			</trkpt>
			<trkpt lat="43.65160320" lon="1.53912419">
				<ele>597.4351</ele>
				<time>2023-10-22T13:58:24Z</time>
				<desc>Vitesse : 137 kmh
Altitude : 1960 ft
Latitude : 43.651603
Longitude : 1.539124
Cap : 133°
</desc>
			</trkpt>
			<trkpt lat="43.65149175" lon="1.53956307">
				<ele>596.7429</ele>
				<time>2023-10-22T13:58:25Z</time>
				<desc>Vitesse : 128 kmh
Altitude : 1958 ft
Latitude : 43.651492
Longitude : 1.539563
Cap : 128°
</desc>
			</trkpt>
			<trkpt lat="43.65148216" lon="1.53999496">
				<ele>596.0842</ele>
				<time>2023-10-22T13:58:26Z</time>
				<desc>Vitesse : 115 kmh
Altitude : 1956 ft
Latitude : 43.651482
Longitude : 1.539995
Cap : 120°
</desc>
			</trkpt>
			<trkpt lat="43.65142455" lon="1.54046117">
				<ele>597.7776</ele>
				<time>2023-10-22T13:58:27Z</time>
				<desc>Vitesse : 125 kmh
Altitude : 1961 ft
Latitude : 43.651425
Longitude : 1.540461
Cap : 114°
</desc>
			</trkpt>
			<trkpt lat="43.65143870" lon="1.54093015">
				<ele>600.8665</ele>
				<time>2023-10-22T13:58:28Z</time>
				<desc>Vitesse : 128 kmh
Altitude : 1971 ft
Latitude : 43.651439
Longitude : 1.540930
Cap : 105°
</desc>
			</trkpt>
			<trkpt lat="43.65150819" lon="1.54138812">
				<ele>603.2271</ele>
				<time>2023-10-22T13:58:29Z</time>
				<desc>Vitesse : 125 kmh
Altitude : 1979 ft
Latitude : 43.651508
Longitude : 1.541388
Cap : 097°
</desc>
			</trkpt>
			<trkpt lat="43.65172014" lon="1.54178791">
				<ele>604.2395</ele>
				<time>2023-10-22T13:58:30Z</time>
				<desc>Vitesse : 123 kmh
Altitude : 1982 ft
Latitude : 43.651720
Longitude : 1.541788
Cap : 082°
</desc>
			</trkpt>
			<trkpt lat="43.65189919" lon="1.54261771">
				<ele>603.2151</ele>
				<time>2023-10-22T13:58:32Z</time>
				<desc>Vitesse : 121 kmh
Altitude : 1979 ft
Latitude : 43.651899
Longitude : 1.542618
Cap : 076°
</desc>
			</trkpt>
			<trkpt lat="43.65215497" lon="1.54335104">
				<ele>604.0020</ele>
				<time>2023-10-22T13:58:34Z</time>
				<desc>Vitesse : 116 kmh
Altitude : 1982 ft
Latitude : 43.652155
Longitude : 1.543351
Cap : 069°
</desc>
			</trkpt>
			<trkpt lat="43.65240501" lon="1.54373623">
				<ele>601.2341</ele>
				<time>2023-10-22T13:58:35Z</time>
				<desc>Vitesse : 136 kmh
Altitude : 1973 ft
Latitude : 43.652405
Longitude : 1.543736
Cap : 051°
</desc>
			</trkpt>
			<trkpt lat="43.65304245" lon="1.54475415">
				<ele>597.5066</ele>
				<time>2023-10-22T13:58:38Z</time>
				<desc>Vitesse : 130 kmh
Altitude : 1960 ft
Latitude : 43.653042
Longitude : 1.544754
Cap : 043°
</desc>
			</trkpt>
			<trkpt lat="43.65330183" lon="1.54504387">
				<ele>598.5303</ele>
				<time>2023-10-22T13:58:39Z</time>
				<desc>Vitesse : 131 kmh
Altitude : 1964 ft
Latitude : 43.653302
Longitude : 1.545044
Cap : 038°
</desc>
			</trkpt>
			<trkpt lat="43.65387770" lon="1.54554848">
				<ele>598.6335</ele>
				<time>2023-10-22T13:58:41Z</time>
				<desc>Vitesse : 138 kmh
Altitude : 1964 ft
Latitude : 43.653878
Longitude : 1.545548
Cap : 032°
</desc>
			</trkpt>
			<trkpt lat="43.65482861" lon="1.54603081">
				<ele>598.7882</ele>
				<time>2023-10-22T13:58:44Z</time>
				<desc>Vitesse : 140 kmh
Altitude : 1965 ft
Latitude : 43.654829
Longitude : 1.546031
Cap : 016°
</desc>
			</trkpt>
			<trkpt lat="43.65588221" lon="1.54624663">
				<ele>595.5867</ele>
				<time>2023-10-22T13:58:47Z</time>
				<desc>Vitesse : 145 kmh
Altitude : 1954 ft
Latitude : 43.655882
Longitude : 1.546247
Cap : 006°
</desc>
			</trkpt>
			<trkpt lat="43.65665821" lon="1.54615149">
				<ele>597.6394</ele>
				<time>2023-10-22T13:58:49Z</time>
				<desc>Vitesse : 151 kmh
Altitude : 1961 ft
Latitude : 43.656658
Longitude : 1.546151
Cap : 358°
</desc>
			</trkpt>
			<trkpt lat="43.65770258" lon="1.54565752">
				<ele>596.9302</ele>
				<time>2023-10-22T13:58:52Z</time>
				<desc>Vitesse : 139 kmh
Altitude : 1958 ft
Latitude : 43.657703
Longitude : 1.545658
Cap : 342°
</desc>
			</trkpt>
			<trkpt lat="43.65808138" lon="1.54536135">
				<ele>596.9043</ele>
				<time>2023-10-22T13:58:53Z</time>
				<desc>Vitesse : 162 kmh
Altitude : 1958 ft
Latitude : 43.658081
Longitude : 1.545361
Cap : 332°
</desc>
			</trkpt>
			<trkpt lat="43.65907499" lon="1.54446203">
				<ele>597.0842</ele>
				<time>2023-10-22T13:58:56Z</time>
				<desc>Vitesse : 163 kmh
Altitude : 1959 ft
Latitude : 43.659075
Longitude : 1.544462
Cap : 325°
</desc>
			</trkpt>
			<trkpt lat="43.65966354" lon="1.54372502">
				<ele>597.2112</ele>
				<time>2023-10-22T13:58:58Z</time>
				<desc>Vitesse : 163 kmh
Altitude : 1959 ft
Latitude : 43.659664
Longitude : 1.543725
Cap : 320°
</desc>
			</trkpt>
			<trkpt lat="43.65986304" lon="1.54326293">
				<ele>597.6763</ele>
				<time>2023-10-22T13:58:59Z</time>
				<desc>Vitesse : 156 kmh
Altitude : 1961 ft
Latitude : 43.659863
Longitude : 1.543263
Cap : 313°
</desc>
			</trkpt>
			<trkpt lat="43.66006573" lon="1.54275097">
				<ele>595.4971</ele>
				<time>2023-10-22T13:59:00Z</time>
				<desc>Vitesse : 163 kmh
Altitude : 1954 ft
Latitude : 43.660066
Longitude : 1.542751
Cap : 306°
</desc>
			</trkpt>
			<trkpt lat="43.66045786" lon="1.54180685">
				<ele>595.7222</ele>
				<time>2023-10-22T13:59:02Z</time>
				<desc>Vitesse : 158 kmh
Altitude : 1954 ft
Latitude : 43.660458
Longitude : 1.541807
Cap : 300°
</desc>
			</trkpt>
			<trkpt lat="43.66068650" lon="1.54075558">
				<ele>594.0823</ele>
				<time>2023-10-22T13:59:04Z</time>
				<desc>Vitesse : 158 kmh
Altitude : 1949 ft
Latitude : 43.660687
Longitude : 1.540756
Cap : 287°
</desc>
			</trkpt>
			<trkpt lat="43.66072767" lon="1.54018661">
				<ele>591.2634</ele>
				<time>2023-10-22T13:59:05Z</time>
				<desc>Vitesse : 162 kmh
Altitude : 1940 ft
Latitude : 43.660728
Longitude : 1.540187
Cap : 274°
</desc>
			</trkpt>
			<trkpt lat="43.66068413" lon="1.53812726">
				<ele>591.0242</ele>
				<time>2023-10-22T13:59:09Z</time>
				<desc>Vitesse : 140 kmh
Altitude : 1939 ft
Latitude : 43.660684
Longitude : 1.538127
Cap : 267°
</desc>
			</trkpt>
			<trkpt lat="43.66038104" lon="1.53758317">
				<ele>585.9363</ele>
				<time>2023-10-22T13:59:10Z</time>
				<desc>Vitesse : 166 kmh
Altitude : 1922 ft
Latitude : 43.660381
Longitude : 1.537583
Cap : 242°
</desc>
			</trkpt>
			<trkpt lat="43.66025181" lon="1.53709625">
				<ele>584.0979</ele>
				<time>2023-10-22T13:59:11Z</time>
				<desc>Vitesse : 153 kmh
Altitude : 1916 ft
Latitude : 43.660252
Longitude : 1.537096
Cap : 251°
</desc>
			</trkpt>
			<trkpt lat="43.65988229" lon="1.53617803">
				<ele>582.5916</ele>
				<time>2023-10-22T13:59:13Z</time>
				<desc>Vitesse : 151 kmh
Altitude : 1911 ft
Latitude : 43.659882
Longitude : 1.536178
Cap : 245°
</desc>
			</trkpt>
			<trkpt lat="43.65944330" lon="1.53523918">
				<ele>582.6409</ele>
				<time>2023-10-22T13:59:15Z</time>
				<desc>Vitesse : 159 kmh
Altitude : 1912 ft
Latitude : 43.659443
Longitude : 1.535239
Cap : 239°
</desc>
			</trkpt>
			<trkpt lat="43.65911402" lon="1.53482973">
				<ele>581.7014</ele>
				<time>2023-10-22T13:59:16Z</time>
				<desc>Vitesse : 161 kmh
Altitude : 1908 ft
Latitude : 43.659114
Longitude : 1.534830
Cap : 234°
</desc>
			</trkpt>
			<trkpt lat="43.65845012" lon="1.53424069">
				<ele>582.6592</ele>
				<time>2023-10-22T13:59:18Z</time>
				<desc>Vitesse : 162 kmh
Altitude : 1912 ft
Latitude : 43.658450
Longitude : 1.534241
Cap : 222°
</desc>
			</trkpt>
			<trkpt lat="43.65781054" lon="1.53384016">
				<ele>583.5022</ele>
				<time>2023-10-22T13:59:20Z</time>
				<desc>Vitesse : 147 kmh
Altitude : 1914 ft
Latitude : 43.657811
Longitude : 1.533840
Cap : 215°
</desc>
			</trkpt>
			<trkpt lat="43.65744834" lon="1.53383795">
				<ele>581.2058</ele>
				<time>2023-10-22T13:59:21Z</time>
				<desc>Vitesse : 137 kmh
Altitude : 1907 ft
Latitude : 43.657448
Longitude : 1.533838
Cap : 204°
</desc>
			</trkpt>
			<trkpt lat="43.65647475" lon="1.53349917">
				<ele>574.0117</ele>
				<time>2023-10-22T13:59:24Z</time>
				<desc>Vitesse : 128 kmh
Altitude : 1883 ft
Latitude : 43.656475
Longitude : 1.533499
Cap : 196°
</desc>
			</trkpt>
			<trkpt lat="43.65614215" lon="1.53354876">
				<ele>572.4735</ele>
				<time>2023-10-22T13:59:25Z</time>
				<desc>Vitesse : 127 kmh
Altitude : 1878 ft
Latitude : 43.656142
Longitude : 1.533549
Cap : 189°
</desc>
			</trkpt>
			<trkpt lat="43.65581797" lon="1.53360353">
				<ele>571.8445</ele>
				<time>2023-10-22T13:59:26Z</time>
				<desc>Vitesse : 125 kmh
Altitude : 1876 ft
Latitude : 43.655818
Longitude : 1.533604
Cap : 184°
</desc>
			</trkpt>
			<trkpt lat="43.65525664" lon="1.53381616">
				<ele>573.0042</ele>
				<time>2023-10-22T13:59:28Z</time>
				<desc>Vitesse : 110 kmh
Altitude : 1880 ft
Latitude : 43.655257
Longitude : 1.533816
Cap : 174°
</desc>
			</trkpt>
			<trkpt lat="43.65497577" lon="1.53409648">
				<ele>571.6279</ele>
				<time>2023-10-22T13:59:29Z</time>
				<desc>Vitesse : 121 kmh
Altitude : 1875 ft
Latitude : 43.654976
Longitude : 1.534096
Cap : 164°
</desc>
			</trkpt>
			<trkpt lat="43.65447662" lon="1.53484902">
				<ele>572.0259</ele>
				<time>2023-10-22T13:59:31Z</time>
				<desc>Vitesse : 131 kmh
Altitude : 1877 ft
Latitude : 43.654477
Longitude : 1.534849
Cap : 147°
</desc>
			</trkpt>
			<trkpt lat="43.65391903" lon="1.53540202">
				<ele>573.5964</ele>
				<time>2023-10-22T13:59:33Z</time>
				<desc>Vitesse : 128 kmh
Altitude : 1882 ft
Latitude : 43.653919
Longitude : 1.535402
Cap : 152°
</desc>
			</trkpt>
			<trkpt lat="43.65331276" lon="1.53580091">
				<ele>570.9507</ele>
				<time>2023-10-22T13:59:35Z</time>
				<desc>Vitesse : 128 kmh
Altitude : 1873 ft
Latitude : 43.653313
Longitude : 1.535801
Cap : 158°
</desc>
			</trkpt>
			<trkpt lat="43.65238028" lon="1.53617023">
				<ele>566.3442</ele>
				<time>2023-10-22T13:59:38Z</time>
				<desc>Vitesse : 127 kmh
Altitude : 1858 ft
Latitude : 43.652380
Longitude : 1.536170
Cap : 166°
</desc>
			</trkpt>
			<trkpt lat="43.65083302" lon="1.53645240">
				<ele>565.1299</ele>
				<time>2023-10-22T13:59:43Z</time>
				<desc>Vitesse : 126 kmh
Altitude : 1854 ft
Latitude : 43.650833
Longitude : 1.536452
Cap : 175°
</desc>
			</trkpt>
			<trkpt lat="43.65052332" lon="1.53635749">
				<ele>565.4193</ele>
				<time>2023-10-22T13:59:44Z</time>
				<desc>Vitesse : 131 kmh
Altitude : 1855 ft
Latitude : 43.650523
Longitude : 1.536357
Cap : 182°
</desc>
			</trkpt>
			<trkpt lat="43.64986843" lon="1.53613154">
				<ele>565.6123</ele>
				<time>2023-10-22T13:59:46Z</time>
				<desc>Vitesse : 124 kmh
Altitude : 1856 ft
Latitude : 43.649868
Longitude : 1.536132
Cap : 197°
</desc>
			</trkpt>
			<trkpt lat="43.64737819" lon="1.53498514">
				<ele>557.7021</ele>
				<time>2023-10-22T13:59:54Z</time>
				<desc>Vitesse : 136 kmh
Altitude : 1830 ft
Latitude : 43.647378
Longitude : 1.534985
Cap : 202°
</desc>
			</trkpt>
			<trkpt lat="43.64324046" lon="1.53222178">
				<ele>550.7234</ele>
				<time>2023-10-22T14:00:07Z</time>
				<desc>Vitesse : 139 kmh
Altitude : 1807 ft
Latitude : 43.643240
Longitude : 1.532222
Cap : 208°
</desc>
			</trkpt>
			<trkpt lat="43.63819596" lon="1.52854101">
				<ele>559.4332</ele>
				<time>2023-10-22T14:00:23Z</time>
				<desc>Vitesse : 138 kmh
Altitude : 1835 ft
Latitude : 43.638196
Longitude : 1.528541
Cap : 209°
</desc>
			</trkpt>
			<trkpt lat="43.63334117" lon="1.52492937">
				<ele>568.0647</ele>
				<time>2023-10-22T14:00:39Z</time>
				<desc>Vitesse : 143 kmh
Altitude : 1864 ft
Latitude : 43.633341
Longitude : 1.524929
Cap : 212°
</desc>
			</trkpt>
			<trkpt lat="43.63128144" lon="1.52300377">
				<ele>566.9006</ele>
				<time>2023-10-22T14:00:46Z</time>
				<desc>Vitesse : 145 kmh
Altitude : 1860 ft
Latitude : 43.631281
Longitude : 1.523004
Cap : 220°
</desc>
			</trkpt>
			<trkpt lat="43.63051083" lon="1.52195562">
				<ele>564.6284</ele>
				<time>2023-10-22T14:00:49Z</time>
				<desc>Vitesse : 147 kmh
Altitude : 1852 ft
Latitude : 43.630511
Longitude : 1.521956
Cap : 227°
</desc>
			</trkpt>
			<trkpt lat="43.62984935" lon="1.52074179">
				<ele>563.5188</ele>
				<time>2023-10-22T14:00:52Z</time>
				<desc>Vitesse : 157 kmh
Altitude : 1849 ft
Latitude : 43.629849
Longitude : 1.520742
Cap : 238°
</desc>
			</trkpt>
			<trkpt lat="43.62908452" lon="1.51890215">
				<ele>554.0758</ele>
				<time>2023-10-22T14:00:56Z</time>
				<desc>Vitesse : 160 kmh
Altitude : 1818 ft
Latitude : 43.629085
Longitude : 1.518902
Cap : 246°
</desc>
			</trkpt>
			<trkpt lat="43.62864031" lon="1.51734618">
				<ele>550.3315</ele>
				<time>2023-10-22T14:00:59Z</time>
				<desc>Vitesse : 164 kmh
Altitude : 1806 ft
Latitude : 43.628640
Longitude : 1.517346
Cap : 252°
</desc>
			</trkpt>
			<trkpt lat="43.62808732" lon="1.51454887">
				<ele>539.7145</ele>
				<time>2023-10-22T14:01:04Z</time>
				<desc>Vitesse : 170 kmh
Altitude : 1771 ft
Latitude : 43.628087
Longitude : 1.514549
Cap : 257°
</desc>
			</trkpt>
			<trkpt lat="43.62766278" lon="1.51108666">
				<ele>532.3582</ele>
				<time>2023-10-22T14:01:10Z</time>
				<desc>Vitesse : 169 kmh
Altitude : 1747 ft
Latitude : 43.627663
Longitude : 1.511087
Cap : 265°
</desc>
			</trkpt>
			<trkpt lat="43.62716201" lon="1.50311921">
				<ele>514.0708</ele>
				<time>2023-10-22T14:01:24Z</time>
				<desc>Vitesse : 160 kmh
Altitude : 1687 ft
Latitude : 43.627162
Longitude : 1.503119
Cap : 263°
</desc>
			</trkpt>
			<trkpt lat="43.62625868" lon="1.49564784">
				<ele>497.6155</ele>
				<time>2023-10-22T14:01:38Z</time>
				<desc>Vitesse : 151 kmh
Altitude : 1633 ft
Latitude : 43.626259
Longitude : 1.495648
Cap : 258°
</desc>
			</trkpt>
			<trkpt lat="43.62532408" lon="1.48779040">
				<ele>491.3201</ele>
				<time>2023-10-22T14:01:53Z</time>
				<desc>Vitesse : 155 kmh
Altitude : 1612 ft
Latitude : 43.625324
Longitude : 1.487790
Cap : 260°
</desc>
			</trkpt>
			<trkpt lat="43.62437855" lon="1.48188320">
				<ele>467.2953</ele>
				<time>2023-10-22T14:02:04Z</time>
				<desc>Vitesse : 157 kmh
Altitude : 1533 ft
Latitude : 43.624379
Longitude : 1.481883
Cap : 252°
</desc>
			</trkpt>
			<trkpt lat="43.62375393" lon="1.47995262">
				<ele>464.1147</ele>
				<time>2023-10-22T14:02:08Z</time>
				<desc>Vitesse : 152 kmh
Altitude : 1523 ft
Latitude : 43.623754
Longitude : 1.479953
Cap : 244°
</desc>
			</trkpt>
			<trkpt lat="43.62327521" lon="1.47927989">
				<ele>462.8859</ele>
				<time>2023-10-22T14:02:10Z</time>
				<desc>Vitesse : 141 kmh
Altitude : 1519 ft
Latitude : 43.623275
Longitude : 1.479280
Cap : 231°
</desc>
			</trkpt>
			<trkpt lat="43.62300351" lon="1.47904108">
				<ele>463.3184</ele>
				<time>2023-10-22T14:02:11Z</time>
				<desc>Vitesse : 135 kmh
Altitude : 1520 ft
Latitude : 43.623004
Longitude : 1.479041
Cap : 224°
</desc>
			</trkpt>
			<trkpt lat="43.62221341" lon="1.47837499">
				<ele>460.2889</ele>
				<time>2023-10-22T14:02:14Z</time>
				<desc>Vitesse : 119 kmh
Altitude : 1510 ft
Latitude : 43.622213
Longitude : 1.478375
Cap : 217°
</desc>
			</trkpt>
			<trkpt lat="43.62191640" lon="1.47837892">
				<ele>457.7119</ele>
				<time>2023-10-22T14:02:15Z</time>
				<desc>Vitesse : 110 kmh
Altitude : 1502 ft
Latitude : 43.621916
Longitude : 1.478379
Cap : 205°
</desc>
			</trkpt>
			<trkpt lat="43.62161630" lon="1.47839205">
				<ele>457.0363</ele>
				<time>2023-10-22T14:02:16Z</time>
				<desc>Vitesse : 110 kmh
Altitude : 1499 ft
Latitude : 43.621616
Longitude : 1.478392
Cap : 197°
</desc>
			</trkpt>
			<trkpt lat="43.62102940" lon="1.47849313">
				<ele>454.7451</ele>
				<time>2023-10-22T14:02:18Z</time>
				<desc>Vitesse : 110 kmh
Altitude : 1492 ft
Latitude : 43.621029
Longitude : 1.478493
Cap : 185°
</desc>
			</trkpt>
			<trkpt lat="43.62069793" lon="1.47878350">
				<ele>452.1653</ele>
				<time>2023-10-22T14:02:19Z</time>
				<desc>Vitesse : 117 kmh
Altitude : 1483 ft
Latitude : 43.620698
Longitude : 1.478784
Cap : 171°
</desc>
			</trkpt>
			<trkpt lat="43.61927225" lon="1.47935288">
				<ele>433.2766</ele>
				<time>2023-10-22T14:02:24Z</time>
				<desc>Vitesse : 111 kmh
Altitude : 1422 ft
Latitude : 43.619272
Longitude : 1.479353
Cap : 165°
</desc>
			</trkpt>
			<trkpt lat="43.61574834" lon="1.48089763">
				<ele>390.8933</ele>
				<time>2023-10-22T14:02:37Z</time>
				<desc>Vitesse : 114 kmh
Altitude : 1282 ft
Latitude : 43.615748
Longitude : 1.480898
Cap : 159°
</desc>
			</trkpt>
			<trkpt lat="43.61165489" lon="1.48343016">
				<ele>344.8486</ele>
				<time>2023-10-22T14:02:52Z</time>
				<desc>Vitesse : 115 kmh
Altitude : 1131 ft
Latitude : 43.611655
Longitude : 1.483430
Cap : 155°
</desc>
			</trkpt>
			<trkpt lat="43.60664875" lon="1.48672348">
				<ele>299.8348</ele>
				<time>2023-10-22T14:03:12Z</time>
				<desc>Vitesse : 107 kmh
Altitude : 984 ft
Latitude : 43.606649
Longitude : 1.486723
Cap : 154°
</desc>
			</trkpt>
			<trkpt lat="43.60157524" lon="1.48987570">
				<ele>253.3598</ele>
				<time>2023-10-22T14:03:31Z</time>
				<desc>Vitesse : 126 kmh
Altitude : 831 ft
Latitude : 43.601575
Longitude : 1.489876
Cap : 155°
</desc>
			</trkpt>
			<trkpt lat="43.59665522" lon="1.49304548">
				<ele>215.3226</ele>
				<time>2023-10-22T14:03:48Z</time>
				<desc>Vitesse : 127 kmh
Altitude : 706 ft
Latitude : 43.596655
Longitude : 1.493045
Cap : 155°
</desc>
			</trkpt>
			<trkpt lat="43.59174171" lon="1.49612395">
				<ele>177.6263</ele>
				<time>2023-10-22T14:04:05Z</time>
				<desc>Vitesse : 127 kmh
Altitude : 583 ft
Latitude : 43.591742
Longitude : 1.496124
Cap : 156°
</desc>
			</trkpt>
			<trkpt lat="43.58676408" lon="1.49920475">
				<ele>150.1074</ele>
				<time>2023-10-22T14:04:26Z</time>
				<desc>Vitesse : 71 kmh
Altitude : 492 ft
Latitude : 43.586764
Longitude : 1.499205
Cap : 155°
</desc>
			</trkpt>
			<trkpt lat="43.58487507" lon="1.50043542">
				<ele>149.4450</ele>
				<time>2023-10-22T14:04:42Z</time>
				<desc>Vitesse : 23 kmh
Altitude : 490 ft
Latitude : 43.584875
Longitude : 1.500435
Cap : 154°
</desc>
			</trkpt>
			<trkpt lat="43.58473786" lon="1.50079347">
				<ele>147.6383</ele>
				<time>2023-10-22T14:04:50Z</time>
				<desc>Vitesse : 14 kmh
Altitude : 484 ft
Latitude : 43.584738
Longitude : 1.500793
Cap : 071°
</desc>
			</trkpt>
			<trkpt lat="43.58485963" lon="1.50114749">
				<ele>143.1819</ele>
				<time>2023-10-22T14:05:19Z</time>
				<desc>Vitesse : 8 kmh
Altitude : 470 ft
Latitude : 43.584860
Longitude : 1.501147
Cap : 067°
</desc>
			</trkpt>
			<trkpt lat="43.58497528" lon="1.50153241">
				<ele>143.1880</ele>
				<time>2023-10-22T14:05:28Z</time>
				<desc>Vitesse : 17 kmh
Altitude : 470 ft
Latitude : 43.584975
Longitude : 1.501532
Cap : 065°
</desc>
			</trkpt>
			<trkpt lat="43.58509375" lon="1.50188744">
				<ele>139.8015</ele>
				<time>2023-10-22T14:05:34Z</time>
				<desc>Vitesse : 20 kmh
Altitude : 459 ft
Latitude : 43.585094
Longitude : 1.501887
Cap : 067°
</desc>
			</trkpt>
			<trkpt lat="43.58520538" lon="1.50227314">
				<ele>135.6368</ele>
				<time>2023-10-22T14:05:42Z</time>
				<desc>Vitesse : 12 kmh
Altitude : 445 ft
Latitude : 43.585205
Longitude : 1.502273
Cap : 075°
</desc>
			</trkpt>
			<trkpt lat="43.58502350" lon="1.50256037">
				<ele>139.9897</ele>
				<time>2023-10-22T14:05:55Z</time>
				<desc>Vitesse : 8 kmh
Altitude : 459 ft
Latitude : 43.585024
Longitude : 1.502560
Cap : 159°
</desc>
			</trkpt>
		</trkseg>
	</trk>
</gpx>